,HSCs->HSCs->HSCs->HSCs[0_0],HSCs->HSCs->HSCs->MKP[2_0],HSCs->HSCs->MKP->MKP[3_0],HSCs->LMPPs->LMPPs->MKP[4_0],HSCs->LMPPs->MKP->MKP[5_0],EryP->EryP->EryP->EryP[6_0],EryP->EryP->LMPPs->LMPPs[7_0],EryP->EryP->EryP->LMPPs[8_0],EryP->EryP->LMPPs->MKP[9_0],MKP->MKP->LMPPs->LMPPs[10_0],MKP->MKP->LMPPs->MKP[11_0],MKP->MKP->MKP->MKP[12_0],eosiP->LMPPs->LMPPs->LMPPs[13_0],eosiP->LMPPs->LMPPs->MKP[14_0],eosiP->LMPPs->MKP->MKP[15_0],LMPPs->LMPPs->LMPPs->LMPPs[16_0],LMPPs->MKP->LMPPs->LMPPs[17_0],LMPPs->LMPPs->LMPPs->MKP[18_0],LMPPs->LMPPs->MKP->MKP[19_0],LMPPs->MKP->LMPPs->MKP[20_0],LMPPs->MKP->MKP->MKP[21_0],MYP->EryP->EryP->EryP[22_0],MYP->EryP->LMPPs->LMPPs[23_0],MYP->EryP->EryP->LMPPs[24_0],MYP->MYP->MYP->MYP[25_0],MYP->MYP->MYP->MKP[26_0],MYP->EryP->LMPPs->MKP[27_0],MYP->MYP->EryP->EryP[28_0],MYP->MYP->EryP->LMPPs[29_0],eosiP->MKP->LMPPs->MKP[30_0],eosiP->MKP->MKP->MKP[31_0],eosiP->MKP->EryP->EryP[32_0],eosiP->MKP->LMPPs->LMPPs[33_0],eosiP->MKP->EryP->LMPPs[34_0],MKP->LMPPs->LMPPs->MKP[35_0],MKP->LMPPs->MKP->MKP[36_0],MKP->EryP->LMPPs->MKP[37_0],MKP->MKP->EryP->EryP[38_0],MKP->EryP->EryP->EryP[39_0],MKP->MKP->EryP->LMPPs[40_0],MKP->LMPPs->LMPPs->LMPPs[41_0],MKP->EryP->EryP->LMPPs[42_0],MKP->EryP->LMPPs->LMPPs[43_0],LMPPs->MKP->EryP->EryP[44_0],LMPPs->MKP->EryP->LMPPs[45_0]
0,Ptrf,Ptrf,Grasp,Crip1,Crip1,Lig1,Crip1,Crip1,Crip1,Crip1,Crip1,Emilin2,Lig1,Lig1,Lig1,Crip1,Crip1,Crip1,Crip1,Crip1,Crip1,Lig1,Lig1,Lig1,Ptrf,Ptrf,Lig1,Lig1,Lig1,Lig1,Lig1,Lig1,Lig1,Lig1,Crip1,Crip1,Crip1,Lig1,Lig1,Crip1,Crip1,Crip1,Crip1,Lig1,Crip1
1,Grasp,Grasp,Grik5,Lig1,Lig1,Paip2,Lig1,Lig1,Lig1,Lig1,Lig1,Cebpa,Paip2,Paip2,Paip2,Lig1,Lig1,Lig1,Lig1,Lig1,Lig1,Paip2,Paip2,Paip2,Lpcat2,Flywch2,Paip2,Ybx1,Ybx1,Paip2,Paip2,Paip2,Paip2,Paip2,Lig1,Lig1,Lig1,Paip2,Paip2,Lig1,Lig1,Lig1,Lig1,Paip2,Lig1
2,Grik5,Grik5,Nkx2-3,Paip2,Paip2,Ybx1,Paip2,Paip2,Paip2,Paip2,Paip2,Myb,Ybx1,Ybx1,Ybx1,Paip2,Paip2,Paip2,Paip2,Paip2,Paip2,Ybx1,Ybx1,Ybx1,Flywch2,Insl6,Ybx1,Mcm3,Mcm3,Ybx1,Ybx1,Ybx1,Ybx1,Ybx1,Paip2,Paip2,Paip2,Ybx1,Ybx1,Paip2,Paip2,Paip2,Paip2,Ybx1,Paip2
3,Nkx2-3,Nkx2-3,Nceh1,Myl12b,Myl12b,Mcm3,Ybx1,Ybx1,Ybx1,Myl12b,Myl12b,Msn,Mcm3,Mcm3,Mcm3,Myl12b,Myl12b,Myl12b,Myl12b,Myl12b,Myl12b,Mcm3,Mcm3,Mcm3,Insl6,Cbfa2t3,Mcm3,Anp32b,Anp32b,Mcm3,Mcm3,Mcm3,Mcm3,Mcm3,Myl12b,Myl12b,Ybx1,Mcm3,Mcm3,Myl12b,Myl12b,Ybx1,Ybx1,Mcm3,Myl12b
4,Gucy1a3,Nceh1,Serpinb6a,Mcm3,Mcm3,Vamp5,Mcm3,Mcm3,Mcm3,Mcm3,Mcm3,Lpcat2,Tmbim6,Tmbim6,Tmbim6,Mcm3,Mcm3,Mcm3,Mcm3,Mcm3,Mcm3,Anp32b,Anp32b,Anp32b,H1f0,Arhgap32,Anp32b,Rps17,Rps17,Tmbim6,Tmbim6,Tmbim6,Tmbim6,Tmbim6,Mcm3,Mcm3,Mcm3,Tmbim6,Tmbim6,Mcm3,Mcm3,Mcm3,Mcm3,Tmbim6,Mcm3
5,Nceh1,Pcmtd2,Alcam,Ybx1,Ybx1,Anp32b,Anp32b,Tmbim6,Anp32b,Ybx1,Ybx1,Galnt6,Anp32b,Anp32b,Anp32b,Ybx1,Ybx1,Ybx1,Ybx1,Ybx1,Ybx1,Rps17,Rps17,Rps17,Cbfa2t3,Fam213a,Rps17,Rps24,Rps24,Anp32b,Anp32b,Anp32b,Anp32b,Anp32b,Ybx1,Ybx1,Tmbim6,Anp32b,Anp32b,Ybx1,Ybx1,Tmbim6,Tmbim6,Anp32b,Ybx1
6,Serpinb6a,Serpinb6a,Gm16141,Tmbim6,Tmbim6,Prdx6,Prdx6,Anp32b,Prdx6,Tmbim6,Tmbim6,Ccl9,Prdx6,Prdx6,Prdx6,Tmbim6,Tmbim6,Tmbim6,Tmbim6,Tmbim6,Tmbim6,Rps24,Rps24,Rps24,Arhgap32,Maml3,Rps24,Snrpf,Snrpf,Prdx6,Prdx6,Prdx6,Prdx6,Prdx6,Tmbim6,Tmbim6,Anp32b,Prdx6,Prdx6,Tmbim6,Tmbim6,Anp32b,Anp32b,Prdx6,Tmbim6
7,Pcmtd2,Alcam,Il2rg,Anp32b,Anp32b,Rps17,Rps17,Prdx6,Rps17,Anp32b,Anp32b,Fam46a,Rps17,Rps17,Rps17,Anp32b,Anp32b,Anp32b,Anp32b,Anp32b,Anp32b,Snrpf,Snrpf,Snrpf,Maml3,Letm2,Snrpf,Rpl39,Rpl39,Rps17,Rps17,Rps17,Rps17,Rps17,Anp32b,Anp32b,Prdx6,Rps17,Rps17,Anp32b,Anp32b,Prdx6,Prdx6,Rps17,Anp32b
8,Alcam,Gm16141,Flywch2,Prdx6,Prdx6,Rps24,Rps24,Rps17,Rps24,Prdx6,Prdx6,Cd55,Rps24,Rps24,Rps24,Prdx6,Prdx6,Prdx6,Prdx6,Prdx6,Prdx6,Rpl39,Rpl39,Rpl39,H2-Oa,Npdc1,Rpl39,Npm1,Npm1,Rps24,Rps24,Rps24,Rps24,Rps24,Prdx6,Prdx6,Rps17,Rps24,Rps24,Prdx6,Prdx6,Rps17,Rps17,Rps24,Prdx6
9,Gm16141,Flywch2,Gimap6,Rps17,Rps17,Snrpf,Snrpf,Rps24,Snrpf,Rps17,Rps17,Cst7,Snrpf,Snrpf,Snrpf,Rps17,Rps17,Rps17,Rps17,Rps17,Rps17,Npm1,Npm1,Npm1,Letm2,Nfkbiz,Npm1,Rps9,Fth1,Snrpf,Snrpf,Snrpf,Snrpf,Snrpf,Rps17,Rps17,Rps24,Snrpf,Snrpf,Rps17,Rps17,Rps24,Rps24,Snrpf,Rps17
10,Flywch2,Selm,Csad,Rps24,Rps24,Rpl39,Rpl39,Snrpf,Rpl39,Rps24,Rps24,Plgrkt,Rpl39,Rpl39,Rpl39,Rps24,Rps24,Rps24,Rps24,Rps24,Rps24,Rps9,Fth1,Fth1,Npdc1,Myl10,Fth1,Nsa2,Rps9,Rpl39,Rpl39,Rpl39,Rpl39,Rpl39,Rps24,Rps24,Snrpf,Rpl39,Rpl39,Rps24,Rps24,Snrpf,Snrpf,Rpl39,Rps24
11,Selm,Gimap6,Krt18,Rpl39,Rpl39,Npm1,Npm1,Rpl39,Npm1,Snrpf,Snrpf,Rapgef3,Npm1,Npm1,Npm1,Rpl39,Snrpf,Rpl39,Rpl39,Snrpf,Snrpf,Nsa2,Rps9,Rps9,H2-Ab1,Vgll4,Rps9,Fau,Nsa2,Npm1,Npm1,Npm1,Npm1,Npm1,Snrpf,Snrpf,Rpl39,Npm1,Npm1,Snrpf,Snrpf,Rpl39,Rpl39,Npm1,Snrpf
12,Gimap6,Krt18,Clec2d,Snrpf,Snrpf,Dbi,Fth1,Npm1,Fth1,Rpl39,Rpl39,Arhgap30,Fth1,Fth1,Fth1,Snrpf,Rpl39,Snrpf,Snrpf,Rpl39,Rpl39,Fau,Nsa2,Nsa2,Nfkbiz,Gimap5,Nsa2,Hspd1,Fau,Fth1,Fth1,Rps9,Fth1,Fth1,Rpl39,Rpl39,Npm1,Dbi,Dbi,Rpl39,Rpl39,Npm1,Npm1,Dbi,Rpl39
13,Krt18,Csad,0610009L18Rik,Npm1,Npm1,Rps9,Dbi,Fth1,Dbi,Npm1,Npm1,BC035044,Rps9,Rps9,Rps9,Npm1,Npm1,Npm1,Npm1,Npm1,Npm1,Ppdpf,Fau,Fau,Myl10,Pear1,Fau,2700094K13Rik,Tagln2,Rps9,Rps9,Nsa2,Rps9,Rps9,Npm1,Npm1,Fth1,Rps9,Rps9,Npm1,Npm1,Fth1,Fth1,Rps9,Npm1
14,Cd63,Clec2d,Mllt3,Fth1,Fth1,Nsa2,Rps9,Dbi,Rps9,Fth1,Fth1,Npc2,Nsa2,Nsa2,Nsa2,Fth1,Fth1,Fth1,Fth1,Fth1,Fth1,Hspd1,Tagln2,Tagln2,Vgll4,2900026A02Rik,Tubb5,Actg1,Hspd1,Nsa2,Nsa2,Fau,Nsa2,Nsa2,Fth1,Fth1,Dbi,Nsa2,Nsa2,Fth1,Fth1,Dbi,Dbi,Nsa2,Fth1
15,Csad,0610009L18Rik,2610035D17Rik,Dbi,Dbi,Taldo1,Npc2,Rps9,Nsa2,Dbi,Dbi,Vim,Fau,Fau,Fau,Dbi,Dbi,Dbi,Dbi,Dbi,Dbi,2700094K13Rik,Hspd1,Hspd1,Gimap5,Mecom,Tagln2,Tgfb1,Actg1,Fau,Fau,Hspd1,Fau,Fau,Dbi,Dbi,Rps9,Fau,Taldo1,Dbi,Dbi,Rps9,Rps9,Fau,Dbi
16,Clec2d,Itih5,Ier2,Rps9,Rps9,Fau,Nsa2,Npc2,Tuba4a,Rps9,Rps9,Plac8,Tagln2,Tagln2,Tagln2,Rps9,Rps9,Rps9,Rps9,Rps9,Rps9,Actg1,Actg1,Actg1,Pear1,Dusp6,Hspd1,Sfpq,Nap1l1,Tagln2,Tagln2,2700094K13Rik,Tagln2,Tagln2,Rps9,Rps9,Nsa2,Ctsz,Fau,Rps9,Rps9,Nsa2,Nsa2,Sec61b,Rps9
17,0610009L18Rik,Mllt3,Nfia,Nsa2,Nsa2,Ppdpf,Tuba4a,Nsa2,Fau,Nsa2,Nsa2,H2-Oa,Hspd1,Hspd1,Hspd1,Nsa2,Nsa2,Nsa2,Nsa2,Nsa2,Nsa2,Tgfb1,Nap1l1,Nap1l1,2900026A02Rik,Gng11,2700094K13Rik,Nap1l1,Rps5,Hspd1,Hspd1,Actg1,Hspd1,Hspd1,Nsa2,Nsa2,Fau,Sec61b,Ppdpf,Nsa2,Nsa2,Taldo1,Taldo1,Hspd1,Nsa2
18,Vwf,2610035D17Rik,Fam213a,Tuba4a,Tuba4a,Ctsz,Taldo1,Tuba4a,Ctsz,Fau,Fau,Tspo2,Actg1,2700094K13Rik,2700094K13Rik,Tuba4a,Fau,Tuba4a,Tuba4a,Fau,Fau,Sfpq,Rps5,Rps5,Mecom,Stat4,Actg1,Rps5,Hmgb1,2700094K13Rik,2700094K13Rik,Sfpq,Actg1,Actg1,Fau,Fau,Ctsz,Hspd1,Ctsz,Fau,Taldo1,Fau,Fau,2700094K13Rik,Fau
19,Itih5,Ier2,Fos,Fau,Fau,Sec61b,Fau,Taldo1,Tubb5,Ctsz,Ctsz,Ms4a3,Nap1l1,Actg1,Actg1,Taldo1,Sec61b,Fau,Fau,Sec61b,Sec61b,Nap1l1,Hmgb1,Hmgb1,Dusp6,Ifitm1,Tgfb1,Hmgb1,Stmn1,Actg1,Actg1,Nap1l1,Nap1l1,Nap1l1,Sec61b,Sec61b,Sec61b,Actg1,Sec61b,Ctsz,Fau,Ctsz,Ctsz,Actg1,Sec61b
20,Mllt3,Nfia,Gm19590,Sec61b,Sec61b,Hspd1,Ctsz,Fau,Sec61b,Sec61b,Sec61b,Fut8,Rps5,Sfpq,Sfpq,Fau,Tagln2,Sec61b,Sec61b,Tagln2,Tagln2,Rps5,Stmn1,Stmn1,Gse1,Tsc22d1,Sfpq,Stmn1,Ybx3,Sfpq,Sfpq,Rps5,Rps5,Rps5,Tagln2,Tagln2,Tagln2,Hmgb3,Hspd1,Sec61b,Sec61b,Sec61b,Sec61b,Tgfb1,Tagln2
21,2610035D17Rik,Fam213a,Myof,Tagln2,Tagln2,2700094K13Rik,Sec61b,Ctsz,Tagln2,Tagln2,Tagln2,Irf2bp2,Stmn1,Nap1l1,Nap1l1,Sec61b,Hspd1,Tagln2,Tagln2,Hspd1,Hspd1,Hmgb1,Ybx3,Ybx3,Gng11,Txnip,Nap1l1,mt-Co3,Dnaja1,Nap1l1,Nap1l1,Stmn1,Stmn1,Stmn1,Hspd1,Hspd1,Hspd1,Tgfb1,Actg1,Tagln2,Tagln2,Tagln2,Tagln2,Lta4h,Hspd1
22,Ier2,Il21r,Gimap1,Hspd1,Hspd1,Actg1,Tagln2,Sec61b,Hspd1,Hspd1,Hspd1,Tnfaip8l2,Ybx3,Rps5,Rps5,Tagln2,Actg1,Hspd1,Hspd1,2700094K13Rik,2700094K13Rik,Stmn1,Dnaja1,Dnaja1,4930519L02Rik,Art4,Rps5,Ybx3,Rpl36,Rps5,Rps5,mt-Co3,Ybx3,Ybx3,Actg1,Actg1,Actg1,Lta4h,Hmgb3,Hspd1,Hspd1,Hspd1,Hspd1,Rrbp1,Actg1
23,Nfia,Fos,Klf3,Actg1,Actg1,Hmgb3,Hspd1,Tagln2,Actg1,Actg1,Actg1,Lgals1,Dnaja1,Stmn1,Stmn1,Hspd1,Lta4h,Actg1,Actg1,Actg1,Actg1,mt-Co3,Rpl36,Rpl36,Stat4,Hbb-bt,Hmgb1,Dnaja1,Tuba1b,Stmn1,Stmn1,Ybx3,Dnaja1,Dnaja1,Tgfb1,Tgfb1,Tgfb1,Rrbp1,Tgfb1,Actg1,Actg1,Actg1,Actg1,Sfpq,Lta4h
24,Fam213a,Gm19590,Maged2,2700094K13Rik,2700094K13Rik,Tgfb1,Actg1,Hspd1,2700094K13Rik,Lta4h,Tgfb1,Blvrb,Rpl36,mt-Co3,mt-Co3,Actg1,Nap1l1,2700094K13Rik,2700094K13Rik,Tgfb1,Tgfb1,Ybx3,Tuba1b,Tuba1b,Ifitm1,Dusp2,Stmn1,Rpl36,Rps3a1,mt-Co3,mt-Co3,Dnaja1,Rpl36,Rpl36,Lta4h,Lta4h,Lta4h,Sfpq,Lta4h,Lta4h,Lta4h,Lta4h,Lta4h,Nap1l1,Nap1l1
25,Fos,Myof,Cul9,Tgfb1,Tgfb1,Lta4h,Lta4h,Actg1,Tgfb1,Nap1l1,Lta4h,Coro1a,Fabp5,Ybx3,Ybx3,Lta4h,Rps5,Tgfb1,Tgfb1,Lta4h,Lta4h,Dnaja1,Fabp5,Fabp5,Tsc22d1,Flt3,mt-Co3,Tuba1b,Ranbp1,Ybx3,Ybx3,Rpl36,Fabp5,Fabp5,Rrbp1,Rrbp1,Rrbp1,Nap1l1,Rrbp1,Nap1l1,Nap1l1,Nap1l1,Nap1l1,Rps5,Rps5
26,Gm19590,Gimap1,Glipr2,Rrbp1,Rrbp1,Rrbp1,Nap1l1,Lta4h,Lta4h,Rps5,Rrbp1,Cd53,Rps3a1,Dnaja1,Dnaja1,Nap1l1,Hmgb1,Lta4h,Lta4h,Rrbp1,Rrbp1,Rpl36,Rps3a1,Rps3a1,Txnip,Sgce,Ybx3,Rps3a1,Rpgrip1,Dnaja1,Dnaja1,Ddx5,Rps3a1,Rps3a1,Sfpq,Sfpq,Sfpq,Rps5,Sfpq,Rps5,Rps5,Rps5,Rps5,Hmgb1,Hmgb1
27,Myof,Kcnk5,Letm2,Sfpq,Sfpq,Sfpq,Rps5,Nap1l1,Rrbp1,Hmgb1,Sfpq,Igf1r,Rps27l,Rpl36,Rpl36,Rps5,Stmn1,Rrbp1,Rrbp1,Sfpq,Sfpq,Tuba1b,Rps27l,Rpgrip1,Sept1,Itm2a,Dnaja1,Ranbp1,Rps27l,Rpl36,Rpl36,Fabp5,Rps27l,Rps27l,Nap1l1,Nap1l1,Nap1l1,Hmgb1,Nap1l1,Hmgb1,Hmgb1,Hmgb1,Hmgb1,Stmn1,Stmn1
28,Gimap1,Rbp1,Gkap1,Nap1l1,Nap1l1,Nap1l1,Hmgb1,Rps5,Sfpq,Stmn1,Nap1l1,Atp1b2,Ranbp1,Ddx5,Ddx5,Hmgb1,Ybx3,Sfpq,Sfpq,Nap1l1,Nap1l1,Fabp5,Ranbp1,Rps27l,Art4,Hhex,Rpl36,Rpgrip1,Rpl41,Ddx5,Ddx5,Rps3a1,Ranbp1,Ranbp1,Rps5,Rps5,Rps5,Stmn1,Rps5,Stmn1,Stmn1,Stmn1,Stmn1,mt-Co3,Ybx3
29,Kcnk5,Maged2,Npdc1,Rps5,Rps5,Rps5,Stmn1,Hmgb1,Nap1l1,Ybx3,Rps5,Ikzf2,Rpl41,Fabp5,Fabp5,Stmn1,Dnaja1,Nap1l1,Nap1l1,Rps5,Rps5,Rps3a1,Rpl41,Ranbp1,Hbb-bt,Tnfrsf18,Tuba1b,Rps27l,Actb,Fabp5,Fabp5,Rps27l,Rpl41,Rpl41,Hmgb1,Hmgb1,Hmgb1,mt-Co3,Hmgb1,Ybx3,Ybx3,Ybx3,Ybx3,Ybx3,Dnaja1
30,Rbp1,Cul9,Lst1,Hmgb1,Hmgb1,Hmgb1,Ybx3,Stmn1,Rps5,Dnaja1,Hmgb1,Hdc,Mif,Rps3a1,Rps3a1,Ybx3,Rpl36,Rps5,Rps5,Hmgb1,Hmgb1,Rpgrip1,Actb,Actb,Dusp2,Apobr,Fabp5,Rpl41,Mif,Rps3a1,Rps3a1,Ranbp1,Mif,Mif,Stmn1,Stmn1,Stmn1,Ybx3,Stmn1,Dnaja1,Dnaja1,Dnaja1,Dnaja1,Dnaja1,Rpl36
31,Maged2,Glipr2,Klhl24,Stmn1,Stmn1,Bnip3l,Dnaja1,Ybx3,Hmgb1,Rpl36,Stmn1,Siglecf,Fam49b,Rps27l,Rps27l,Dnaja1,Fabp5,Hmgb1,Hmgb1,Stmn1,Stmn1,Rps27l,Mif,Mif,Zfpm1,Nefh,Rps3a1,Actb,Ldha,Rps27l,Rps27l,Rpl41,Fam49b,Fam49b,mt-Co3,mt-Co3,mt-Co3,Dnaja1,mt-Co3,Rpl36,Rpl36,Rpl36,Rpl36,Rpl36,Fabp5
32,Cul9,Letm2,1500009L16Rik,mt-Co3,mt-Co3,mt-Co3,Rpl36,Dnaja1,Stmn1,Fabp5,mt-Co3,Csrp3,Shfm1,Hp1bp3,Hp1bp3,Rpl36,Rps3a1,Stmn1,Stmn1,mt-Co3,mt-Co3,Ranbp1,Ldha,Rpl41,Flt3,Prmt2,Rps27l,Mif,Rplp0,Ranbp1,Ranbp1,Mif,Shfm1,Shfm1,Ybx3,Ybx3,Ybx3,Rpl36,Ybx3,Fabp5,Fabp5,Fabp5,Fabp5,Ddx5,Rps3a1
33,Glipr2,Gkap1,Nfkbiz,Ybx3,Ybx3,Ybx3,Tuba1b,Rpl36,mt-Co3,Rps3a1,Ybx3,Clec4e,Ldha,Ranbp1,Ranbp1,Tuba1b,Rps27l,mt-Co3,mt-Co3,Ybx3,Ybx3,Actb,Rplp0,Ldha,Tespa1,Chd3,Ranbp1,mt-Atp6,Cacybp,Rpl41,Rpl41,mt-Atp6,Ldha,Ldha,Dnaja1,Dnaja1,Dnaja1,Ddx5,Dnaja1,Rps3a1,Rps3a1,Rps3a1,Rps3a1,Fabp5,Rps27l
34,Letm2,Npdc1,Jund,Dnaja1,Dnaja1,Stmn1,Fabp5,Tuba1b,Ybx3,Rps27l,Dnaja1,Zg16,Rplp0,Rpl41,Rpl41,Fabp5,Ranbp1,Ybx3,Ybx3,Dnaja1,Dnaja1,Mif,Cacybp,Rplp0,Sgce,Ctsf,Rpl41,Ldha,Hsp90ab1,Mif,Mif,Fam49b,Rplp0,Rplp0,Rpl36,Rpl36,Rpl36,Fabp5,Rpl36,Rpgrip1,Rps27l,Rpgrip1,Rps27l,Rps3a1,Ranbp1
35,Gkap1,Lst1,Cish,Rpl36,Rpl36,Dnaja1,Rps3a1,Fabp5,Dnaja1,Ranbp1,Rpl36,Ass1,Cacybp,Mif,Mif,Rps3a1,Rpl41,Dnaja1,Dnaja1,Rpl36,Rpl36,mt-Atp6,Hsp90ab1,Cacybp,Ddah2,Herc3,Actb,Rplp0,Pcna,mt-Atp6,mt-Atp6,Shfm1,Cacybp,Cacybp,Ddx5,Ddx5,Ddx5,Rps3a1,Ddx5,Rps27l,Ranbp1,Rps27l,Ranbp1,Rps27l,Rpl41
36,Npdc1,Cldn15,Neurl3,Ddx5,Ddx5,Rpl36,Rps27l,Rps3a1,Rpl36,Rpl41,Ddx5,Pitpnc1,Cox7b,mt-Atp6,mt-Atp6,Rps27l,Actb,Rpl36,Rpl36,Ddx5,Ddx5,Rpl41,Pcna,Hsp90ab1,Itm2a,Impact,Mif,Cacybp,Nhp2l1,Fam49b,Fam49b,Ldha,Cox7b,Cox7b,Fabp5,Fabp5,Fabp5,Rpgrip1,Fabp5,Ranbp1,Rpl41,Ranbp1,Rpl41,Ranbp1,Actb
37,Abcg1,1500009L16Rik,Lpar6,Fabp5,Fabp5,Tuba1b,Ranbp1,Rpgrip1,Tuba1b,Actb,Fabp5,Ptpre,Hsp90ab1,Fam49b,Fam49b,Ranbp1,Mif,Tuba1b,Tuba1b,Fabp5,Fabp5,Ldha,Nhp2l1,Pcna,Hhex,Plekhm2,mt-Atp6,Hsp90ab1,Mcm6,Shfm1,Shfm1,Rplp0,Hsp90ab1,Hsp90ab1,Rps3a1,Rps3a1,Rps3a1,Rps27l,Rps3a1,Actb,Actb,Actb,Actb,Rpl41,Mif
38,Cldn15,Klhl24,Myl10,Rps3a1,Rps3a1,Fabp5,Rpl41,Rps27l,Fabp5,Mif,Rps3a1,Napsa,Pcna,Shfm1,Shfm1,Rpl41,Fam49b,Fabp5,Fabp5,Rps3a1,Rps3a1,Rplp0,Mcm6,Nhp2l1,Tnfrsf18,Prkcdbp,Ldha,Pcna,Rps21,Ldha,Ldha,Cacybp,Pcna,Pcna,Rps27l,Rpgrip1,Rps27l,Ranbp1,Rpgrip1,Mif,Mif,Mif,Mif,Actb,Fam49b
39,Lst1,Nfkbiz,Plxna4os1,Rps27l,Rpgrip1,Rps3a1,Actb,Ranbp1,Rps3a1,Fam49b,Rps27l,4930519L02Rik,Nhp2l1,Ldha,Ldha,Actb,Hmgn2,Rps3a1,Rps3a1,Rps27l,Rps27l,Cacybp,Rps21,Mcm6,Apobr,Satb1,Rplp0,Nhp2l1,Hells,Rplp0,Rplp0,Cox7b,Nhp2l1,Nhp2l1,Hp1bp3,Rps27l,Ranbp1,Actb,Rps27l,Rpl41,Fam49b,Rpl41,Fam49b,Mif,Hmgn2
40,1500009L16Rik,Jund,Fam84b,Hp1bp3,Rps27l,Rpgrip1,Mif,Actb,Rps27l,Hmgn2,Ranbp1,Selplg,Mcm6,Rplp0,Rplp0,Mif,Shfm1,Rps27l,Rps27l,Ranbp1,Ranbp1,Hsp90ab1,Hells,Rps21,Nefh,Tcp11l2,Cacybp,Mcm6,Dctpp1,Cacybp,Cacybp,Hsp90ab1,Mcm6,Mcm6,Ranbp1,Hp1bp3,Rpl41,Mif,Ranbp1,Fam49b,Hmgn2,Fam49b,Hmgn2,mt-Atp6,Shfm1
41,Klhl24,Mmrn1,Nfat5,Ranbp1,Hp1bp3,Rps27l,Fam49b,Mif,Ddx5,Shfm1,Rpl41,Cpne2,Rps21,Cacybp,Cacybp,Fam49b,Ldha,Ddx5,Ddx5,Rpl41,Rpl41,Idi1,Dctpp1,Hells,Chd3,Akap17b,Hsp90ab1,Rps21,Rpl23,Cox7b,Cox7b,Pcna,Rps21,Rps21,Actb,Actb,Actb,mt-Atp6,Actb,Hmgn2,Shfm1,Hmgn2,Shfm1,Fam49b,Ldha
42,Nfkbiz,Cish,Rec8,Actb,Actb,Ddx5,Hmgn2,Rpl41,Ranbp1,Ldha,Actb,Fam189b,Hells,Cox7b,Cox7b,Hmgn2,Rplp0,Hp1bp3,Hp1bp3,Actb,Actb,Pcna,Rpl23,Dctpp1,Lgals9,Tnip3,Idi1,Hells,Cox5a,Hsp90ab1,Hsp90ab1,Chd4,Hells,Hells,Mif,Mif,Mif,Fam49b,Mif,Shfm1,Ldha,Shfm1,Ldha,Hmgn2,Rplp0
43,Jund,Neurl3,Gimap5,Mif,Mif,Actb,Shfm1,Fam49b,Actb,Rplp0,Mif,Serpinb1a,Dctpp1,Hsp90ab1,Hsp90ab1,Shfm1,Cacybp,Actb,Actb,Mif,Mif,Nhp2l1,Cox5a,Rpl23,Ctsf,Trp53i11,Pcna,Dctpp1,H3f3a,Pcna,Pcna,Nhp2l1,Dctpp1,Dctpp1,mt-Atp6,mt-Atp6,mt-Atp6,Rpl41,mt-Atp6,Ldha,Rplp0,Ldha,Rplp0,Shfm1,Cacybp
44,Mmrn1,Lpar6,Fcho2,mt-Atp6,mt-Atp6,Mif,Ldha,Hmgn2,Mif,Cacybp,mt-Atp6,Gm9888,Rpl23,Pcna,Pcna,Ldha,Cox7b,Mif,Mif,mt-Atp6,mt-Atp6,Mcm6,H3f3a,Cox5a,Bcl11a,Tmem71,Nhp2l1,Rpl23,Rpl38,Chd4,Chd4,Mcm6,Rpl23,Rpl23,Fam49b,Fam49b,Fam49b,Hmgn2,Fam49b,Rplp0,Cacybp,Rplp0,Cacybp,Ldha,Cox7b
45,Cish,Myl10,Glul,Fam49b,Fam49b,mt-Atp6,Rplp0,Shfm1,mt-Atp6,Cox7b,Fam49b,Igsf6,Cox5a,Chd4,Chd4,Rplp0,Rpn1,mt-Atp6,mt-Atp6,Fam49b,Fam49b,Rps21,Rpl38,H3f3a,Padi2,Gm20467,Mcm6,Cox5a,Hnrnpa3,Nhp2l1,Nhp2l1,Rps21,Cox5a,Cox5a,Rpl41,Ranbp1,Hmgn2,Calr,Rpl41,Cacybp,Cox7b,Cacybp,Cox7b,Rplp0,Rpn1
46,Cuedc1,Plxna4os1,Fam134b,Rpl41,Ranbp1,Fam49b,Cacybp,Ldha,Fam49b,Rpn1,Hmgn2,Gata2,H3f3a,Nhp2l1,Nhp2l1,Cacybp,Hsp90ab1,Fam49b,Fam49b,Hmgn2,Hmgn2,Hells,Hnrnpa3,Rpl38,Herc3,Mdfi,Rps21,H3f3a,Ung,Mcm6,Mcm6,Hells,H3f3a,H3f3a,Hmgn2,Rpl41,Calr,Shfm1,Hmgn2,Cox7b,Rpn1,Cox7b,Rpn1,Cacybp,Hsp90ab1
47,Lpar6,Fam84b,Jun,Calr,Rpl41,Ranbp1,Cox7b,Rplp0,Rpl41,Hsp90ab1,Calr,Sept1,Rpl38,Mcm6,Mcm6,Cox7b,Ssr4,Ranbp1,Ranbp1,Shfm1,Shfm1,Dctpp1,Ung,Hnrnpa3,Impact,Osbpl1a,Hells,Rpl38,Atp5g1,Rps21,Rps21,Dctpp1,Rpl38,Rpl38,Calr,Hmgn2,Shfm1,Ldha,Calr,Rpn1,Hsp90ab1,Rpn1,Hsp90ab1,Cox7b,Ssr4
48,Neurl3,Nfat5,Gm16104,Shfm1,Calr,Rpl41,Rpn1,Cacybp,Hmgn2,Ssr4,Shfm1,Fam129a,Hnrnpa3,Rps21,Rps21,Rpn1,Pcna,Rpl41,Rpl41,Ldha,Ldha,Rpl23,Atp5g1,Ung,Plekhm2,Crebl2,Dctpp1,Hnrnpa3,Rps14,Hells,Hells,Rpl23,Hnrnpa3,Hnrnpa3,Shfm1,Calr,Ldha,Rplp0,Shfm1,Hsp90ab1,Ssr4,Hsp90ab1,Ssr4,Rpn1,Pcna
49,Ptgs1,Rec8,Dst,Ldha,Shfm1,Ctr9,Hsp90ab1,Cox7b,Calr,Pcna,Ldha,Lat2,Ung,Hells,Hells,Hsp90ab1,P4hb,Hmgn2,Hmgn2,Chchd10,Chchd10,Cox5a,Rps14,Atp5g1,Prkcdbp,Hacd4,Rpl23,Ung,Atpif1,Dctpp1,Dctpp1,Cox5a,Ung,Ung,Ldha,Shfm1,Rplp0,Cacybp,Ldha,Ssr4,Pcna,Ssr4,Pcna,Hsp90ab1,P4hb
50,Myl10,Gimap5,Ttc28,Rplp0,Ldha,Hmgn2,Ssr4,Rpn1,Shfm1,P4hb,Rplp0,Fam65a,Gpx1,Dctpp1,Dctpp1,Ssr4,Dnajc3,Shfm1,Shfm1,Rplp0,Rplp0,H3f3a,Atpif1,Rps14,Tpm2,Ltb,Cox5a,Atp5g1,Capza2,Rpl23,Rpl23,H3f3a,Gpx1,Gpx1,Rplp0,Ldha,Cacybp,Cox7b,Rplp0,Pcna,Dnajc3,Pcna,P4hb,Ssr4,Dnajc3
51,Plxna4os1,Fcho2,Mecom,Cacybp,Rplp0,Calr,Pcna,Hsp90ab1,Ldha,Dnajc3,Cacybp,Il1rl1,Atp5g1,Rpl23,Rpl23,Pcna,Fxyd5,Ldha,Ldha,Cacybp,Cacybp,Rpl38,Ifrd2,Atpif1,Satb1,Mir142hg,H3f3a,Rps14,Rpl32,Cox5a,Cox5a,Rpl38,Atp5g1,Atp5g1,Cacybp,Rplp0,Cox7b,Rpn1,Cacybp,P4hb,Fxyd5,P4hb,Dnajc3,Pcna,Nhp2l1
52,Fam84b,Glul,Aldh1l1,Cox7b,Cacybp,Shfm1,P4hb,Ssr4,Rplp0,Fxyd5,Cox7b,Spi1,Rps14,Cox5a,Cox5a,Ass1,Nhp2l1,Rplp0,Rplp0,Cox7b,Cox7b,Hnrnpa3,Rpl32,Rpl32,Akap17b,Adgrl4,Rpl38,Atpif1,Ddx39,H3f3a,H3f3a,Hnrnpa3,Rps14,Rps14,Cox7b,Cacybp,Rpn1,Hsp90ab1,Cox7b,Dnajc3,Nhp2l1,Dnajc3,Nhp2l1,Chd4,Mcm6
53,Nfat5,Fam134b,Gm12216,Rpn1,Cox7b,Ldha,Spint2,Pcna,Cacybp,Nhp2l1,Rpn1,Atp8b4,Atpif1,H3f3a,H3f3a,Dnajc3,Mcm6,Cacybp,Cacybp,Rpn1,Rpn1,Ung,Ddx39,Ddx39,Tnip3,Zbtb16,Hnrnpa3,Capza2,Rps20,Rpl38,Rpl38,Ung,Atpif1,Atpif1,Rpn1,Cox7b,Hsp90ab1,Ssr4,Rpn1,Nhp2l1,Mcm6,Nhp2l1,Mcm6,P4hb,Rps21
54,Rec8,Jun,Kdm6b,Hsp90ab1,Rpn1,Fermt3,Dnajc3,P4hb,Cox7b,Mcm6,Hsp90ab1,Adrbk2,Capza2,Rpl38,Rpl38,Fxyd5,Rps21,Cox7b,Cox7b,Hsp90ab1,Hsp90ab1,Atp5g1,Rps20,Rps20,Trp53i11,Pnck,Ung,Rpl32,Rplp1,Hnrnpa3,Hnrnpa3,Gpx1,Rpl32,Rpl32,Hsp90ab1,Rpn1,Ssr4,Pcna,Hsp90ab1,Mcm6,Rps21,Mcm6,Rps21,Dnajc3,Tmed3
55,Gimap5,Gm16104,Junb,Ssr4,Hsp90ab1,Rplp0,Nhp2l1,Spint2,Rpn1,Rps21,Ssr4,Tm6sf1,Rpl32,Hnrnpa3,Hnrnpa3,Nhp2l1,Tmed3,Rpn1,Rpn1,Ssr4,Ssr4,Rps14,Rplp1,Rplp1,Tmem71,Prkg1,Atp5g1,Ddx39,Tpt1,Kcnq1ot1,Kcnq1ot1,Atp5g1,Ddx39,Ddx39,Ssr4,Hsp90ab1,Pcna,Chd4,Ssr4,Rps21,Tmed3,Rps21,Tmed3,Nhp2l1,Hells
56,Fcho2,Pear1,Shisa5,Pcna,Ssr4,Cacybp,Mcm6,Dnajc3,Hsp90ab1,Tmed3,Pcna,5730508B09Rik,Ddx39,Kcnq1ot1,Kcnq1ot1,Mcm6,Hells,Hsp90ab1,Hsp90ab1,Pcna,Pcna,Atpif1,Tpt1,Tpt1,Gm20467,Ogt,Rps14,mt-Co2,Syce2,Mbnl1,Mbnl1,Rps14,Rps20,Rps20,Pcna,Ssr4,Chd4,P4hb,Pcna,Tmed3,Hells,Tmed3,Hells,Mcm6,Ostc
57,Glul,Dst,Gprc5b,Chd4,Pcna,Cox7b,Rps21,Nhp2l1,Idi1,Hells,Chd4,Ifngr1,Rps20,Mbnl1,Mbnl1,Rps21,Ostc,Ssr4,Ssr4,Chd4,Chd4,Rpl32,Syce2,Syce2,Pbx1,Calcoco1,Atpif1,Rpl23a,Rpl10,Ung,Ung,Atpif1,Mrpl33,Mrpl33,Chd4,Pcna,P4hb,Dnajc3,Chd4,Hells,Ostc,Hells,Ostc,Rps21,Dctpp1
58,Fam134b,Ttc28,Basp1,Dnajc3,Chd4,Rpn1,Tmed3,Mcm6,Ssr4,Ostc,P4hb,Klf1,Mrpl33,Ung,Ung,Tmed3,Dctpp1,Pcna,Pcna,P4hb,P4hb,Ddx39,Rpl10,Rpl10,Ctla2a,P3h3,Ifrd2,Rps20,Rpl37,Atp5g1,Atp5g1,Rpl32,Rplp1,Rplp1,Dnajc3,Chd4,Dnajc3,Nhp2l1,P4hb,Ostc,Dctpp1,Ostc,Dctpp1,Tmed3,Rpl23
59,Idi1,Mecom,Nfkbia,Fxyd5,Dnajc3,Hsp90ab1,Hells,Rps21,Pcna,Dctpp1,Dnajc3,Cpa3,Rplp1,Atp5g1,Atp5g1,Hells,Rpl23,Chd4,Chd4,Dnajc3,Dnajc3,mt-Co2,Rpl37,Rpl37,Mdfi,Ryk,Rpl32,Rplp1,Erh,Rps14,Rps14,Ddx39,Tpt1,Tpt1,Fxyd5,Dnajc3,Nhp2l1,Mcm6,Dnajc3,Dctpp1,Rpl23,Dctpp1,Rpl23,Hells,Cox5a
60,Gm16104,Aldh1l1,Ppp1r9a,Nhp2l1,Fxyd5,Idi1,Ostc,Tmed3,Chd4,Rpl23,Fxyd5,Gm2a,Tpt1,Rps14,Rps14,Ostc,Cox5a,Dnajc3,Dnajc3,Fxyd5,Fxyd5,Rpl23a,Erh,Erh,Osbpl1a,Cd274,Ddx39,Tpt1,Clic1,Atpif1,Atpif1,mt-Co2,Cmtm7,Syce2,Nhp2l1,Fxyd5,Mcm6,Rps21,Nhp2l1,Rpl23,Cox5a,Rpl23,Cox5a,Ostc,H3f3a
61,Pear1,Gm12216,Dusp1,Mcm6,Nhp2l1,Ssr4,Dctpp1,Hells,P4hb,Cox5a,Nhp2l1,Slc4a8,Cmtm7,Atpif1,Atpif1,Dctpp1,H3f3a,Fxyd5,Fxyd5,Nhp2l1,Nhp2l1,Rps20,Clic1,Clic1,Stx3,Myct1,mt-Co2,Syce2,Hspe1,Rpl32,Rpl32,Rpl23a,Syce2,Rpl10,Mcm6,Nhp2l1,Rps21,Tmed3,Mcm6,Cox5a,H3f3a,Cox5a,H3f3a,Dctpp1,Hspa5
62,Dst,Abcg2,Tmem140,Rps21,Mcm6,Pcna,Rpl23,Ostc,Dnajc3,H3f3a,Mcm6,Anxa1,Syce2,Capza2,Capza2,Rpl23,Hspa5,Nhp2l1,Nhp2l1,Mcm6,Mcm6,Rplp1,Hspe1,Hspe1,Angpt1,Mettl7a1,Rpl23a,Rpl10,Hnrnpab,Ddx39,Ddx39,Rps20,Rpl10,Rpl37,Rps21,Mcm6,Tmed3,Hells,Rps21,H3f3a,Hspa5,H3f3a,Hspa5,Rpl23,Rpl38
63,Jun,Kdm6b,Stat4,Tmed3,Rps21,Chd4,Cox5a,Dctpp1,Nhp2l1,Hspa5,Rps21,Tespa1,Rpl10,Rpl32,Rpl32,Cox5a,Rpl38,Mcm6,Mcm6,Rps21,Rps21,Tpt1,Hnrnpab,Hnrnpab,Nrip1,Rgs1,Rps20,Rpl37,Rpl12,mt-Co2,mt-Co2,Mrpl33,Rpl37,Cd81,Tmed3,Rps21,Hells,Ostc,Tmed3,Hspa5,Rpl38,Hspa5,Rpl38,Cox5a,Hnrnpa3
64,Ttc28,Junb,Sat1,Hells,Tmed3,P4hb,H3f3a,Rpl23,Mcm6,Rpl38,Tmed3,Gstm5,Rpl37,Ddx39,Ddx39,H3f3a,Hnrnpa3,Rps21,Rps21,Tmed3,Tmed3,Syce2,Rpl12,Rpl12,Marcksl1,Cxxc5,Rplp1,Erh,Rps26,Rpl23a,Rpl23a,Nedd4,Cd81,Erh,Hells,Tmed3,Ostc,Dctpp1,Hells,Rpl38,Hnrnpa3,Rpl38,Hnrnpa3,H3f3a,Actr3
65,Mecom,Shisa5,Hivep3,Ostc,Hells,Dnajc3,Hspa5,Cox5a,Rps21,Hnrnpa3,Hells,Gm17590,Cd81,mt-Co2,mt-Co2,Hspa5,Actr3,Tmed3,Tmed3,Hells,Hells,Rpl10,Rps26,Rps26,Crebl2,Gcnt2,Tpt1,mt-Co1,Ppp1r14b,Rps20,Rps20,Rplp1,Erh,Clic1,Ostc,Hells,Dctpp1,Rpl23,Ostc,Hnrnpa3,Actr3,Hnrnpa3,Actr3,Hspa5,Ung
66,Aldh1l1,Gng11,1700040L02Rik,Dctpp1,Ostc,Nhp2l1,Rpl38,H3f3a,Tmed3,Actr3,Ostc,Egfl7,Erh,Rpl23a,Rpl23a,Rpl38,Ung,Hells,Hells,Ostc,Ostc,Rpl37,Ppp1r14b,Ppp1r14b,Ltb,Pard3b,Syce2,Hspe1,Nhp2,Mrpl33,Mrpl33,Tpt1,Clic1,Hspe1,Dctpp1,Ostc,Rpl23,Cox5a,Dctpp1,Actr3,Ung,Actr3,Ung,Rpl38,Gpx1
67,Gm12216,Gprc5b,Ifitm1,Rpl23,Dctpp1,Mcm6,Hnrnpa3,Hspa5,Hells,Ung,Dctpp1,Hk3,Clic1,Rps20,Rps20,Hnrnpa3,Gpx1,Ostc,Ostc,Dctpp1,Dctpp1,Erh,Nhp2,Nhp2,Mir142hg,Ppp1r15a,Rpl10,Hnrnpab,Fus,Rplp1,Nedd4,Syce2,Hspe1,Hnrnpab,Rpl23,Dctpp1,Cox5a,H3f3a,Rpl23,Ung,Atp5g1,Ung,Atp5g1,Hnrnpa3,Atp5g1
68,Abcg2,Bex4,Tsc22d1,Cox5a,Rpl23,Rps21,Actr3,Rpl38,Ostc,Atp5g1,Rpl23,Tyrobp,Hspe1,Mrpl33,Mrpl33,Actr3,Atp5g1,Dctpp1,Dctpp1,Rpl23,Rpl23,mt-Co1,Fus,Fus,Adgrl4,Ctxn1,Rpl37,Rpl12,Rpl13,Tpt1,Rplp1,Rpl10,Hnrnpab,Rpl12,Cox5a,Rpl23,H3f3a,Hspa5,Cox5a,Atp5g1,Rps14,Atp5g1,Rps14,Actr3,Rps14
69,Kdm6b,Trpc6,Rab6b,H3f3a,Cox5a,Tmed3,Ung,Hnrnpa3,Dctpp1,Rps14,Cox5a,Rab44,Hnrnpab,Rplp1,Rplp1,Ung,Rps14,Rpl23,Rpl23,Cox5a,Cox5a,Hspe1,Rpl13,Rpl13,Zbtb16,Ier3,Erh,Rps26,Rpsa,Malat1,Tpt1,Rpl37,Rpl12,Rps26,H3f3a,Cox5a,Hspa5,Rpl38,H3f3a,Rps14,Atpif1,Rps14,Atpif1,Ung,Atpif1
70,Junb,Basp1,Txnip,Hspa5,H3f3a,Hells,Gpx1,Actr3,Rpl23,Atpif1,H3f3a,Ddah2,Rpl12,Tpt1,Tpt1,Gpx1,Atpif1,Cox5a,Cox5a,H3f3a,H3f3a,Hnrnpab,Rpsa,Rpsa,Pnck,Hoxb4,Clic1,Ppp1r14b,Ndufa4,Syce2,Malat1,mt-Nd5,Rps26,Ppp1r14b,Hspa5,H3f3a,Rpl38,Hnrnpa3,Hspa5,Atpif1,Ifrd2,Atpif1,Ifrd2,Gpx1,Pdia6
71,Shisa5,Nfkbia,Maml2,Rpl38,Hspa5,Icam4,Atp5g1,Ung,Cox5a,Ifrd2,Hspa5,Itga4,Rps26,Malat1,Malat1,Atp5g1,Ifrd2,H3f3a,H3f3a,Hspa5,Hspa5,Rpl12,Ndufa4,Ndufa4,Prkg1,Erg,mt-Co1,Nhp2,Eif4a1,Rpl10,Syce2,Cd81,Ppp1r14b,Nhp2,Rpl38,Hspa5,Hnrnpa3,Actr3,Rpl38,Pdia6,Capza2,Pdia6,Pdia6,Atp5g1,Rpl32
72,Gng11,Ppp1r9a,Dennd1c,Hnrnpa3,Rpl38,Ostc,Atpif1,Gpx1,H3f3a,Pdia6,Rpl38,Fcer1g,Ppp1r14b,Syce2,Syce2,Atpif1,Pdia6,Hspa5,Hspa5,Rpl38,Rpl38,Rps26,Eif4a1,Eif4a1,Ogt,Fam69b,Hspe1,Fus,Rps7,Rpl37,Rpl10,Erh,Sh3bgrl3,Fus,Hnrnpa3,Rpl38,Actr3,Ung,Hnrnpa3,Rpl32,Pdia6,Rpl32,Rpl32,Rps14,Ddx39
73,Gprc5b,Dusp1,Gm11837,Actr3,Hnrnpa3,Dctpp1,Rps14,Atp5g1,Hspa5,Rpl32,Hnrnpa3,Cd34,Sh3bgrl3,Rpl10,Rpl10,Rps14,Rpl32,Rpl38,Rpl38,Hnrnpa3,Hnrnpa3,Ppp1r14b,Rps7,Rps7,Slco3a1,Gm16140,Hnrnpab,mt-Nd2,Smc1a,mt-Nd5,Rpl37,mt-Co1,Nhp2,Rpl13,Actr3,Hnrnpa3,Mbnl1,Atp5g1,Actr3,Ddx39,Rpl32,Ddx39,Ddx39,Atpif1,Ftl1
74,Bex4,Tmem140,Msmo1,Kcnq1ot1,Actr3,Rpl23,Ifrd2,Rps14,Rpl38,Ddx39,Actr3,Gm15658,Nhp2,Rpl37,Rpl37,Ifrd2,Ddx39,Hnrnpa3,Hnrnpa3,Actr3,Actr3,Nhp2,Mrpl52,Smc1a,Calcoco1,Cyp2j6,Rpl12,Rpl13,Hint1,Cd81,mt-Nd5,Hspe1,Fus,Rpsa,Mbnl1,Actr3,Ung,Rps14,Ung,Ftl1,Ddx39,Ftl1,Ftl1,Pdia6,Rps20
75,Trpc6,Stat4,Art4,Mbnl1,Kcnq1ot1,Cox5a,Pdia6,Atpif1,Hnrnpa3,Ftl1,Mbnl1,Laptm5,Fus,mt-Nd5,mt-Nd5,Capza2,Ftl1,Actr3,Actr3,Kcnq1ot1,Kcnq1ot1,Fus,Smc1a,Hint1,P3h3,Grasp,Rps26,Lmnb1,Eif2s2,Erh,Cd81,Hnrnpab,Ptpn18,Ndufa4,Ung,Mbnl1,Atp5g1,Atpif1,Atp5g1,Rps20,Ftl1,Rps20,Rps20,Rpl32,Mrpl33
76,Basp1,Sat1,Sesn3,Ung,Mbnl1,H3f3a,Rpl32,Pdia6,Actr3,Rps20,Ung,Gm11697,Ptpn18,Cd81,Cd81,Pdia6,Rps20,Kcnq1ot1,Kcnq1ot1,Mbnl1,Mbnl1,mt-Nd2,Hint1,Eif2s2,Sugp2,Plp2,Ppp1r14b,Rpsa,Ncl,Clic1,Erh,Rpl12,Rpl13,Eif4a1,Atp5g1,Ung,Rps14,Pdia6,Rps14,Mrpl33,Rps20,Mrpl33,Mrpl33,Ddx39,Rplp1
77,Nfkbia,Tbxas1,Maged1,Atp5g1,Ung,Hspa5,Ddx39,Rpl32,Ung,Mrpl33,Atp5g1,Mpo,Rpl13,Erh,Erh,Rpl32,Mrpl33,Mbnl1,Mbnl1,Ung,Ung,Rpl13,Eif2s2,Ncl,Cd274,Krt18,Nhp2,Ndufa4,Ran,mt-Co1,Clic1,Rps26,Rpsa,Rps7,Rps14,Atp5g1,Atpif1,Rpl32,Atpif1,Rplp1,Mrpl33,Rplp1,Rplp1,mt-Co2,Tpt1
78,Ppp1r9a,Hivep3,Dmkn,Atpif1,Atp5g1,Rpl38,Ftl1,Ddx39,Atp5g1,Rplp1,Rps14,Epdr1,Rpsa,Clic1,Clic1,Ddx39,Rplp1,Ung,Ung,Atp5g1,Atp5g1,Lmnb1,Ncl,Ran,Myct1,Gata3,Fus,Eif4a1,Prdx1,Hspe1,mt-Co1,Ppp1r14b,Ndufa4,Smc1a,Atpif1,Rps14,Ifrd2,Ddx39,Pdia6,Tpt1,Rplp1,Tpt1,Tpt1,Rpl23a,Syce2
79,Dusp1,1700040L02Rik,Trove2,Ifrd2,Atpif1,Hnrnpa3,Rps20,Ftl1,Atpif1,Tpt1,Atpif1,Trf,Ndufa4,mt-Co1,mt-Co1,Ftl1,Tpt1,Atp5g1,Atp5g1,Rps14,Rps14,Rpsa,Ran,Prdx1,Mta3,Cd59a,mt-Nd2,Anp32e,Rbm3,Hnrnpab,Hspe1,Nhp2,Eif4a1,Hint1,Ifrd2,Atpif1,Pdia6,mt-Co2,Rpl32,Syce2,Tpt1,Syce2,Syce2,Rps20,Rpl10
80,Tmem140,Ifitm1,Ctla2b,Rps14,Ifrd2,Actr3,Mrpl33,Rps20,Ifrd2,Cmtm7,Ifrd2,Kcng2,Eif4a1,Hspe1,Hspe1,Rps20,Cmtm7,Atpif1,Atpif1,Atpif1,Atpif1,Ndufa4,Prdx1,Rbm3,Mettl7a1,Gimap1,Rpl13,Rps7,Rpl18a,Rpl12,Hnrnpab,Fus,Rps7,Eif2s2,Capza2,Ifrd2,Rpl32,Rpl23a,Ddx39,Rpl10,Cmtm7,Rpl10,Rpl10,Mrpl33,Rpl37
81,Stat4,Tsc22d1,Ldhb,Capza2,Rps14,Ung,Rplp1,Mrpl33,Rps14,Syce2,Pdia6,Akap13,Rps7,Hnrnpab,Hnrnpab,Mrpl33,Syce2,Ifrd2,Ifrd2,Ifrd2,Ifrd2,Eif4a1,Rbm3,Rpl18a,Prkcq,Kcnk5,Lmnb1,Smc1a,Hsp90aa1,Rps26,Rpl12,mt-Nd2,Smc1a,Ncl,Pdia6,Capza2,Ddx39,Rps20,mt-Co2,Rpl37,Syce2,Rpl37,Rpl37,Rplp1,Cd81
82,Sat1,Rab6b,Hbb-bt,Pdia6,Capza2,Gpx1,Tpt1,Rplp1,Pdia6,Rpl10,Rpl32,Xpc,Smc1a,Rpl12,Rpl12,Rplp1,Rpl10,Rps14,Rps14,Pdia6,Pdia6,Anp32e,Rpl18a,Hsp90aa1,Rgs1,Mmrn1,Rpsa,Hint1,Ubb,Ppp1r14b,Rps26,Rpl13,Hint1,Ran,Rpl32,Pdia6,Ftl1,Mrpl33,Rpl23a,Cd81,Rpl10,Cd81,Cd81,Tpt1,Erh
83,Tbxas1,Txnip,Dusp2,Rpl32,Pdia6,Atp5g1,Syce2,Tpt1,Rpl32,Rpl37,Ddx39,Fcgr3,Hint1,Rps26,Rps26,Tpt1,Rpl37,Capza2,Capza2,Rpl32,Rpl32,Rps7,Glrx5,Erdr1,Cxxc5,Cish,Ndufa4,Ncl,Phgdh,Sh3bgrl3,Ppp1r14b,Rpsa,Eif2s2,Prdx1,Ddx39,Rpl32,Rpl23a,Nedd4,Rps20,Erh,Rpl37,Erh,Erh,Syce2,Clic1
84,Hivep3,Mpl,Lppos,Ddx39,Rpl32,Atpif1,Rpl37,Syce2,Ddx39,Cd81,Ftl1,Padi2,Eif2s2,Ppp1r14b,Ppp1r14b,Cmtm7,Cd81,Pdia6,Pdia6,Ddx39,Ddx39,Smc1a,Hsp90aa1,Ubb,Gcnt2,Aldh1l1,Eif4a1,Ran,Rpl22l1,Nhp2,Sh3bgrl3,Ndufa4,Ncl,Rbm3,Ftl1,Ddx39,mt-Co2,Rplp1,Mrpl33,Clic1,Cd81,Clic1,Clic1,Rpl10,Hspe1
85,1700040L02Rik,Maml2,Crebrf,mt-Co2,Ddx39,Rps14,Rpl10,Rpl10,mt-Co2,Erh,Rpl23a,Ffar2,Ncl,Sh3bgrl3,Sh3bgrl3,Syce2,Erh,Rpl32,Rpl32,Ftl1,Ftl1,Hint1,Erdr1,Phgdh,Pard3b,G430095P16Rik,Anp32e,Rps12,Rpl21,Fus,Nhp2,Eif4a1,Ran,Rpl18a,Rpl23a,Ftl1,Rps20,Tpt1,Nedd4,Hspe1,Erh,Hspe1,Hspe1,Rpl37,Hnrnpab
86,Ifitm1,Gm11837,Fam73a,Rpl23a,mt-Co2,Pdia6,Cd81,Rpl37,Rpl23a,Clic1,mt-Co2,S100a10,Ran,Nhp2,Nhp2,Rpl37,Clic1,Ddx39,Ddx39,Rpl23a,Rpl23a,Ncl,Ubb,Rpl22l1,Ctxn1,Gprc5b,Rps7,Prdx1,Nolc1,Ptpn18,Fus,Rps7,Prdx1,Hsp90aa1,mt-Co2,Rpl23a,Mrpl33,Syce2,Rplp1,Hnrnpab,Clic1,Hnrnpab,Hnrnpab,mt-Nd5,Rpl12
87,Tsc22d1,Ctnnal1,A630072M18Rik,Ftl1,Rpl23a,Rpl32,Erh,Cd81,Ftl1,Hspe1,Rps20,Il17ra,Prdx1,Fus,Fus,Rpl10,Hspe1,mt-Co2,mt-Co2,mt-Co2,mt-Co2,Ran,Phgdh,Rpl21,Tnik,Dusp1,Smc1a,Rbm3,Uqcrq,mt-Nd2,Ptpn18,Smc1a,Rbm3,Erdr1,Rps20,mt-Co2,Rplp1,Rpl10,Tpt1,Rpl12,Hspe1,Rpl12,Rpl12,Cd81,Rps26
88,Rab6b,Dennd1c,Itsn1,Rps20,Ftl1,Ddx39,Clic1,Erh,Rps20,Hnrnpab,Mrpl33,Ly6e,Rbm3,Ptpn18,Ptpn18,Cd81,Hnrnpab,Rpl23a,Rpl23a,Rps20,Rps20,Rps12,Rpl22l1,Nolc1,Ier3,Rab6b,Hint1,Rpl18a,Slc25a5,Rpl13,mt-Nd2,Hint1,Rpl18a,Ubb,Mrpl33,Rps20,Tpt1,Rpl37,Syce2,Rps26,Hnrnpab,Rps26,Rps26,Erh,Cox6a1
89,Txnip,Msmo1,Agpat4,Mrpl33,Rps20,mt-Co2,Hspe1,Clic1,Mrpl33,Rpl12,Rplp1,Sapcd1,Rpl18a,mt-Nd2,mt-Nd2,Erh,Rpl12,Ftl1,Ftl1,Mrpl33,Mrpl33,Prdx1,Rpl21,Uqcrq,Slc45a3,Zfp608,Eif2s2,Hsp90aa1,Rexo2,Rpsa,Rpl13,Ncl,Glrx5,Phgdh,Rplp1,Mrpl33,Syce2,mt-Nd5,Rpl10,Cox6a1,Rpl12,Cox6a1,Cox6a1,mt-Co1,Ppp1r14b
90,Mpl,Art4,Cyp2j6,Rplp1,Mrpl33,Rpl23a,Hnrnpab,Hspe1,Rplp1,Rps26,Tpt1,Gm20342,Glrx5,Rpl13,Rpl13,Clic1,Rps26,Rps20,Rps20,Rplp1,Rplp1,Rbm3,Nolc1,Slc25a5,Hoxb4,Mpl,Ncl,Phgdh,H3f3b,Ndufa4,Rpsa,Ran,Gatm,Rpl22l1,Tpt1,Rplp1,Rpl10,Cd81,Rpl37,Ppp1r14b,Rps26,Ppp1r14b,Ppp1r14b,Hspe1,Itm2b
91,Maml2,Sesn3,1810011H11Rik,Tpt1,Rplp1,Rps20,Rpl12,Hnrnpab,Gm26917,Cox6a1,Malat1,Emid1,Hsp90aa1,Rpsa,Rpsa,Hspe1,Cox6a1,Mrpl33,Mrpl33,Tpt1,Tpt1,Rpl18a,Uqcrq,Rexo2,Erg,Btg2,Ran,Rpl22l1,Phb2,Eif4a1,Ndufa4,Rps12,Hsp90aa1,Rpl21,Malat1,Tpt1,Rpl37,Erh,mt-Nd5,Itm2b,Cox6a1,Itm2b,Itm2b,Hnrnpab,Nhp2
92,Gm11837,Maged1,Ppp2r3a,Malat1,Tpt1,Mrpl33,Rps26,Rpl12,Tpt1,Ppp1r14b,Syce2,Lpin2,Erdr1,Ndufa4,Ndufa4,Hnrnpab,Ppp1r14b,Rplp1,Rplp1,Malat1,Malat1,Hsp90aa1,Slc25a5,H3f3b,Fam69b,Trove2,Rps12,Rpl21,Rps4x,Rps7,Eif4a1,Prdx1,Erdr1,Atp5o,Syce2,Malat1,mt-Nd5,mt-Co1,Cd81,Nhp2,Ppp1r14b,Nhp2,Nhp2,Rpl12,Gapdh
93,Ctnnal1,Trove2,Tceal1,Syce2,Malat1,Nedd4,Cox6a1,Rps26,Syce2,Itm2b,Rpl10,Ltb4r1,Ubb,Eif4a1,Eif4a1,Rpl12,Itm2b,Tpt1,Tpt1,Syce2,Syce2,Erdr1,Rexo2,Phb2,Gm16140,Ctla2b,Prdx1,Nolc1,Emp3,Smc1a,Rps7,Rbm3,Ubb,Nolc1,Rpl10,Syce2,Cd81,Hspe1,Erh,Gapdh,Itm2b,Gapdh,Gapdh,Rps26,Fus
94,Dennd1c,Ctla2b,Gabbr1,Rpl37,Syce2,Rplp1,Ppp1r14b,Cox6a1,Rpl37,Sh3bgrl3,Rpl37,Necap2,Phgdh,Rps7,Rps7,Rps26,Sh3bgrl3,Malat1,Malat1,Rpl10,Rpl10,Phgdh,H3f3b,Rps4x,Cyp2j6,Crebrf,Rbm3,Uqcrq,Ninj1,Hint1,Smc1a,Rpl18a,Phgdh,Uqcrq,Rpl37,Rpl10,Erh,Hnrnpab,mt-Co1,Fus,Sh3bgrl3,Fus,Fus,Ppp1r14b,Manf
95,Msmo1,Lppos,Cnrip1,Rpl10,Rpl37,Tpt1,Itm2b,Ppp1r14b,Rpl10,Nhp2,mt-Nd5,P2rx4,Rpl22l1,Smc1a,Smc1a,Cox6a1,Nhp2,Syce2,Syce2,Rpl37,Rpl37,Rpl22l1,Phb2,Emp3,Grasp,Smad7,Rpl18a,Slc25a5,Cbx3,Eif2s2,Hint1,Hsp90aa1,Rpl22l1,Slc25a5,mt-Nd5,Rpl37,Clic1,Rpl12,Tln1,Manf,Nhp2,Manf,Manf,Nhp2,Rpl13
96,Art4,Ldhb,Pik3r1,mt-Nd5,Rpl10,Syce2,Gapdh,Itm2b,Lmo2,Gapdh,Cd81,Ppp1r10,Rpl21,Hint1,Hint1,Ppp1r14b,Gapdh,Rpl37,Rpl37,mt-Nd5,mt-Nd5,Rpl21,Rps4x,Cbx3,Plp2,Cnrip1,Glrx5,Rexo2,Ptma,Ncl,Eif2s2,Erdr1,Rpl21,Rexo2,Cd81,mt-Nd5,mt-Co1,Rps26,Hnrnpab,Rpl13,Gapdh,Rpl13,Rpl13,Gapdh,Rpsa
97,Sesn3,Hbb-bt,Myo1c,Erh,mt-Nd5,Rpl37,Nhp2,Nhp2,mt-Nd5,Fus,Erh,Gadd45a,Atp5o,Eif2s2,Eif2s2,Itm2b,Fus,Rpl10,Rpl10,Cd81,Cd81,Nolc1,Mospd3,Ptma,Galnt6,Myo1c,Hsp90aa1,Phb2,Hspa8,Ran,Ncl,Phgdh,Atp5o,Phb2,Erh,Cd81,Tln1,Ppp1r14b,Rpl12,Rpsa,Fus,Rpsa,Rpsa,Fus,Acadl
98,Maged1,Hmgn3,F11r,Clic1,Erh,Rpl10,Fus,Gapdh,Cd81,Manf,Clic1,Drosha,Nolc1,Ncl,Ncl,Sh3bgrl3,Manf,mt-Nd5,mt-Nd5,Erh,Erh,Uqcrq,Emp3,H2-K1,Vamp5,Il18,Erdr1,Rps4x,Zfp706,Rps12,Ran,Rpl22l1,Nolc1,Rps4x,Clic1,Erh,Hnrnpab,Nhp2,Rps26,Acadl,Manf,Ndufa4,Ndufa4,Manf,Ndufa4
99,Trove2,Dusp2,Adck3,mt-Co1,Clic1,Lmo2,Manf,Fus,Erh,Ptpn18,mt-Co1,Gng12,Uqcrq,Ran,Ran,Gapdh,Ptpn18,Cd81,Cd81,Clic1,Clic1,Slc25a5,Cbx3,Hspa8,Krt18,Bicd1,Ubb,Emp3,Set,Prdx1,Rps12,Rpl21,Uqcrq,Emp3,mt-Co1,Clic1,Rpl12,Gapdh,Hspe1,Ndufa4,Ptpn18,Eif4a1,Eif4a1,mt-Nd2,Eif4a1
100,Ctla2b,Crebrf,Eid2,Tln1,mt-Co1,mt-Nd5,Rpl13,Manf,Clic1,Rpl13,Hspe1,Zcchc6,Slc25a5,Rps12,Rps12,Nhp2,Rpl13,Erh,Erh,mt-Co1,mt-Co1,Rexo2,Ptma,Zfp706,Gata3,Socs2,Phgdh,Cbx3,Pa2g4,Rbm3,Prdx1,Atp5o,Slc25a5,Cbx3,Tln1,mt-Co1,Rps26,Fus,Ppp1r14b,Eif4a1,Rpl13,Rps7,Rps7,Rpl13,Rps7
101,Lppos,A630072M18Rik,Tsc22d3,Hnrnpab,Tln1,Cd81,Rpsa,Rpl13,mt-Co1,Rpsa,Hnrnpab,Gnb4,Rexo2,Prdx1,Prdx1,Fus,Rpsa,Clic1,Clic1,Hspe1,Hspe1,Phb2,H2-K1,Set,Adgrl2,Cd74,Rpl22l1,Rps25,Dnmt1,Rpl18a,Rbm3,Nolc1,Rexo2,Ptma,Hnrnpab,Tln1,Hspe1,Manf,Nhp2,Rps7,Rpsa,Smc1a,Mrpl52,Lmnb1,Smc1a
102,Ldhb,Itsn1,Socs2,Hspe1,Hnrnpab,Erh,Ndufa4,Rpsa,Tln1,Acadl,Rpl12,Tacstd2,Phb2,Rbm3,Rbm3,Manf,Acadl,mt-Co1,mt-Co1,Hnrnpab,Hnrnpab,Rps4x,Hspa8,Pa2g4,Cd59a,Ltc4s,Rpl21,Ptma,Rps2,Glrx5,Rpl18a,Uqcrq,Phb2,H2-K1,Rpl12,Hnrnpab,Cox6a1,mt-Nd2,Gapdh,Smc1a,Acadl,Hint1,Smc1a,Rpsa,Hint1
103,Hbb-bt,Rhob,Nap1l3,Rps26,Hspe1,mt-Co1,Eif4a1,Ndufa4,Hnrnpab,Ndufa4,Rps26,Stx3,Rps4x,Rpl18a,Rpl18a,Ptpn18,Ndufa4,Tln1,Tln1,Rpl12,Rpl12,Emp3,Zfp706,Dnmt1,Gimap1,Wfdc17,Nolc1,Hspa8,Slbp,Gatm,Glrx5,Slc25a5,Rps4x,Hspa8,Rps26,Rpl12,Ppp1r14b,Rpl13,Fus,Hint1,Ndufa4,Eif2s2,Hint1,Acadl,Eif2s2
104,Hmgn3,Agpat4,Itm2a,Rpl12,Rps26,Tln1,Rps7,Eif4a1,Hspe1,Eif4a1,Cox6a1,Rassf4,Emp3,Glrx5,Glrx5,Rpl13,Eif4a1,Hnrnpab,Hnrnpab,Rps26,Rps26,Cbx3,Set,Rps2,Kcnk5,Ccl3,Uqcrq,Zfp706,Rps8,Hsp90aa1,Gatm,Rexo2,Emp3,Zfp706,Hspe1,Rps26,Itm2b,Lmnb1,Manf,Eif2s2,Eif4a1,Ncl,Eif2s2,Ndufa4,Ncl
105,Dusp2,Ipo11,Fam101b,Cox6a1,Rpl12,Hnrnpab,Mrpl52,Rps7,Rps26,Rps7,Ppp1r14b,Auts2,Cbx3,Hsp90aa1,Hsp90aa1,Rpsa,Rps7,Hspe1,Hspe1,Cox6a1,Cox6a1,Rps25,Pa2g4,Slbp,Fut8,Hdgfrp3,Slc25a5,Set,Hnrnpd,Gmfg,Hsp90aa1,Phb2,Cbx3,Set,Cox6a1,Hspe1,Nhp2,Rpsa,mt-Nd2,Ncl,Rps7,Ran,Ncl,Anp32e,Ran
106,Crebrf,Cyp2j6,Cd74,Ppp1r14b,Cox6a1,Zfpm1,Smc1a,Smc1a,Rpl12,Smc1a,Itm2b,Itgb7,Ptma,Gmfg,Erdr1,Acadl,Smc1a,Rps26,Rps26,Ppp1r14b,Ppp1r14b,Ptma,Dnmt1,Rps8,P2ry14,Ahdc1,Rexo2,Pa2g4,Rpl9,Erdr1,Erdr1,Rps4x,Ptma,Pa2g4,Ppp1r14b,Cox6a1,Gapdh,Acadl,Rpl13,Ran,Mrpl52,Prdx1,Ran,Eif4a1,Prdx1
107,Id1,1810011H11Rik,Nrxn1,Itm2b,Ppp1r14b,Rps26,Hint1,Hint1,Cox6a1,Hint1,Sh3bgrl3,Gm15915,H2-K1,Erdr1,Ubb,Ndufa4,Hint1,Rpl12,Rpl12,Itm2b,Itm2b,Hspa8,Rps2,Hnrnpd,Cish,Mkl2,H3f3b,Dnmt1,Alyref,Ubb,Ubb,Emp3,H2-K1,Dnmt1,Itm2b,Ppp1r14b,Fus,Ndufa4,Lmnb1,Prdx1,Smc1a,Rbm3,Prdx1,Rps7,Rbm3
108,Klf6,Ppp2r3a,Pglyrp2,Cdk6,Itm2b,Hspe1,Eif2s2,Eif2s2,Ppp1r14b,Eif2s2,Nhp2,Ms4a2,Hspa8,Ubb,Phgdh,Eif4a1,Eif2s2,Cox6a1,Cox6a1,Sh3bgrl3,Sh3bgrl3,Zfp706,Slbp,Rpl9,H2-T23,Hist1h2bc,Phb2,mt-Cytb,Eif1,Phgdh,Phgdh,Cbx3,Hspa8,Rps2,Sh3bgrl3,Itm2b,Manf,Anp32e,Rpsa,Rbm3,Hint1,Rpl18a,Rbm3,Smc1a,Rpl18a
109,A630072M18Rik,Tceal1,Selp,Sh3bgrl3,Cdk6,Rpl12,Ncl,Ncl,Itm2b,Ncl,Gapdh,Anxa2,Zfp706,Phgdh,Rpl22l1,Rps7,Ncl,Ppp1r14b,Ppp1r14b,Nhp2,Nhp2,Set,Rps8,Alyref,G430095P16Rik,Hlf,Rps4x,Rps2,Atad2,Rpl22l1,Rpl22l1,Rps25,Zfp706,Slbp,Nhp2,Sh3bgrl3,mt-Nd2,Eif4a1,Ndufa4,Rpl18a,Eif2s2,Hsp90aa1,Rpl18a,Hint1,Hsp90aa1
110,Itsn1,Gabbr1,Egr1,Gapdh,Sh3bgrl3,Ppp1r14b,Ran,Ran,Gapdh,Ran,Fus,Ap3s1,Set,Rpl22l1,Rpl21,Mrpl52,Ran,Itm2b,Itm2b,Gapdh,Gapdh,Pa2g4,Hnrnpd,Eif1,Arhgap6,Mast4,Emp3,Slbp,Rpl10a,Rpl21,Rpl21,Ptma,Set,Rps8,Gapdh,Nhp2,Rpl13,Rps7,Eif4a1,Hsp90aa1,Ncl,Pdia3,Glrx5,Ncl,Pdia3
111,Rhob,Cnrip1,Zfhx3,Nhp2,Gapdh,Gapdh,Prdx1,Prdx1,Nhp2,Prdx1,Manf,Tnfaip2,Pa2g4,Rpl21,Atp5o,Smc1a,Prdx1,Sh3bgrl3,Sh3bgrl3,Fus,Fus,Dnmt1,Rpl9,Atad2,Gprc5b,Smim6,Cbx3,Rps8,Gnai2,Atp5o,Atp5o,Hspa8,Pa2g4,Hnrnpd,Fus,Gapdh,Lmnb1,Smc1a,Anp32e,Pdia3,Ran,Erdr1,Gatm,Ran,Erdr1
112,Agpat4,Tmx4,Prmt2,Fus,Nhp2,Nhp2,Rbm3,Rbm3,Fus,Rbm3,Ptpn18,Sell,Dnmt1,Atp5o,Nolc1,Hint1,Rbm3,Gapdh,Gapdh,Manf,Manf,mt-Cytb,Alyref,Rpl10a,Fam189b,Otos,Rps25,Hnrnpd,Eef2,Nolc1,Nolc1,Zfp706,Dnmt1,Rpl9,Manf,Fus,Rpsa,Hint1,Rps7,Erdr1,Prdx1,Ubb,Hsp90aa1,Rps12,Ubb
113,Ipo11,Pik3r1,Hdgfrp3,Manf,Fus,Fus,Rpl18a,Rpl18a,Manf,Rpl18a,mt-Nd2,Abcb4,Rps2,Nolc1,Uqcrq,Eif2s2,Rpl18a,Nhp2,Nhp2,Ptpn18,Ptpn18,Rps2,Eif1,Gnai2,Rab6b,Hoxa10,Ptma,Rpl9,Ifitm2,Uqcrq,Uqcrq,Set,Rps2,Clspn,Ptpn18,Manf,Ndufa4,Ncl,Smc1a,Ubb,Rbm3,Phgdh,Pdia3,Prdx1,Phgdh
114,Cyp2j6,F11r,Ahdc1,Ptpn18,Manf,Manf,Glrx5,Hsp90aa1,mt-Nd2,Glrx5,Rpl13,Adssl1,Fam96a,Uqcrq,Slc25a5,Ncl,Glrx5,Fus,Fus,mt-Nd2,mt-Nd2,Slbp,Rpl10a,Eef2,Zfp608,Pcdh7,H2-K1,Alyref,Serbp1,Slc25a5,Slc25a5,Gatad1,Fam96a,Alyref,mt-Nd2,Ptpn18,Eif4a1,Ran,Hint1,Phgdh,Rpl18a,Rpl22l1,Erdr1,Rbm3,Rpl22l1
115,1810011H11Rik,Adck3,Zfp36,mt-Nd2,Ptpn18,Egfl7,Gatm,Pdia3,Rpl13,Gatm,Lmnb1,Hdac7,Slbp,Slc25a5,Rexo2,Ran,Gatm,Manf,Manf,Rpl13,Rpl13,Rps8,Gnai2,Ifitm2,Trove2,Bbc3,Hspa8,Rbm39,Parp1,Rexo2,Rexo2,Pa2g4,Slbp,Eif1,Rpl13,mt-Nd2,Anp32e,Rps12,Ncl,Rpl22l1,Glrx5,Rpl21,Ubb,Rpl18a,Rpl21
116,Ppp2r3a,Sgce,Stxbp4,Rpl13,mt-Nd2,mt-Nd2,Hsp90aa1,Erdr1,Lmnb1,Hsp90aa1,Rpsa,Casp3,Rps8,Rexo2,Phb2,Prdx1,Hsp90aa1,Ptpn18,Ptpn18,Lmnb1,Lmnb1,Hnrnpd,Eef2,Serbp1,Ctla2b,Endov,Zfp706,Eif1,Psme1,Phb2,Phb2,Dnmt1,Rps8,Atad2,Lmnb1,Rpl13,Rps7,Prdx1,Nefh,Rpl21,Hsp90aa1,Lamp1,Phgdh,Hsp90aa1,Atp5o
117,Tceal1,Bicd1,Mkl2,Rpsa,Rpl13,Rpl13,Erdr1,Ubb,Cks1b,Pdia3,Acadl,Asph,Hnrnpd,Phb2,Rps4x,Rbm3,Pdia3,mt-Nd2,mt-Nd2,Rpsa,Rpsa,Rpl9,Ifitm2,Parp1,Fam129a,Spns2,Set,Atad2,Nasp,Rps4x,Rps4x,mt-Cytb,Hnrnpd,Rpl10a,Rpsa,Lmnb1,Smc1a,Rbm3,Rps12,Atp5o,Pdia3,Atp5o,Rpl22l1,Pdia3,Ddost
118,Gabbr1,Eid2,Zfp467,Acadl,Rpsa,Lmnb1,Pdia3,Phgdh,Rpsa,Erdr1,Ndufa4,Igfbp4,Rpl9,Rps4x,Emp3,Rpl18a,Erdr1,Rpl13,Rpl13,Acadl,Acadl,Alyref,Serbp1,Psme1,Crebrf,Sepp1,Pa2g4,Dek,Psip1,Emp3,Emp3,Rps2,Rpl9,Eef2,Acadl,Rpsa,Hint1,Rpl18a,Prdx1,Ddost,Erdr1,Ddost,Rpl21,Erdr1,Tmed2
119,Cnrip1,Tsc22d3,Amn1,Ndufa4,Acadl,Rpsa,Ubb,Rpl22l1,Ndufa4,Ubb,Anp32e,Csf2rb,Alyref,Emp3,Cbx3,Glrx5,Ubb,Lmnb1,Lmnb1,Ndufa4,Ndufa4,Rbm39,Parp1,Arpc1a,Fam65a,Zc3h6,Dnmt1,Rpl10a,Rfc2,Cbx3,Cbx3,Slbp,Alyref,Ifitm2,Ndufa4,Acadl,Eif2s2,Hsp90aa1,Ran,Tmed2,Ubb,Tmed2,Baz1a,Phgdh,Erp29
120,Pik3r1,Socs2,Gns,Eif4a1,Ndufa4,Ndufa4,Phgdh,Rpl21,Eif4a1,Phgdh,Eif4a1,Ces2g,Eif1,Cbx3,Rps25,Tmsb4x,Phgdh,Rpsa,Rpsa,Anp32e,Anp32e,Eif1,Psme1,Nasp,1700097N02Rik,Insig1,mt-Cytb,Gnai2,Rpl30,Rps25,Rps25,Rps8,Eif1,Serbp1,Eif4a1,Ndufa4,Ncl,Pdia3,Rbm3,Erp29,Cirbp,Erp29,Lamp1,Rpl22l1,Nolc1
121,F11r,Nap1l3,Ctsf,Rps7,Eif4a1,Eif4a1,Rpl22l1,Lamp1,Anp32e,Rpl22l1,Rps7,Rnase6,Rpl10a,Rps25,Ptma,Hsp90aa1,Rpl22l1,Acadl,Acadl,Eif4a1,Eif4a1,Atad2,Arpc1a,Psip1,Cpa3,Gm5914,Rps2,Eef2,Calm2,Ptma,Ptma,Hnrnpd,Rpl10a,Psme1,Anp32e,Eif4a1,Ran,Erdr1,Rpl18a,Nolc1,Phgdh,Nolc1,Atp5o,Rpl21,Uqcrq
122,Adck3,Itm2a,Klf7,Smc1a,Rps7,Anp32e,Rpl21,Atp5o,Rps7,Rpl21,Smc1a,Atp13a3,Eef2,Ptma,H2-K1,Pdia3,Rpl21,Ndufa4,Ndufa4,Rps7,Rps7,Dek,Nasp,Rfc2,Kctd1,Socs1,Slbp,Serbp1,Rpl14,H2-K1,H2-K1,Rpl9,Eef2,Nasp,Rps7,Anp32e,Rps12,Phgdh,Hsp90aa1,Uqcrq,Rpl22l1,Uqcrq,Ddost,Atp5o,Slc25a5
123,Sgce,Fam101b,Ptms,Hint1,Smc1a,Rps7,Baz1a,Ddost,Smc1a,Baz1a,Hint1,Rhoh,Ifitm2,H2-K1,Hspa8,Erdr1,Baz1a,Anp32e,Anp32e,Smc1a,Smc1a,Rpl10a,Psip1,Rpl30,Smad7,Calcrl,Rps8,Parp1,Psmb10,Hspa8,Hspa8,Clspn,Ifitm2,Psip1,Smc1a,Rps7,Prdx1,Rpl22l1,Pdia3,Slc25a5,Rpl21,Slc25a5,Tmed2,Ddost,Rexo2
124,Bicd1,Cd74,Fosb,Eif2s2,Hint1,Smc1a,Lamp1,Tmed2,Hint1,Atp5o,Eif2s2,Rgs2,Serbp1,Hspa8,Zfp706,Ubb,Atp5o,Eif4a1,Eif4a1,Hint1,Hint1,Gnai2,Rfc2,Rpl14,Cnrip1,Pdzk1ip1,Hnrnpd,Psme1,Srm,Zfp706,Zfp706,Alyref,Serbp1,Rfc2,Hint1,Smc1a,Rbm3,Rpl21,Erdr1,Rexo2,Atp5o,Rexo2,Erp29,Tmed2,H3f3b
125,Eid2,Nrxn1,Snap47,Ncl,Eif2s2,Hint1,Atp5o,Erp29,Eif2s2,Ddost,Ncl,Cd48,Psme1,Zfp706,Set,Cirbp,Ddost,Rps7,Rps7,Eif2s2,Eif2s2,Eef2,Rpl30,Psmb10,Med12l,Tcf15,Rpl9,mt-Nd1,Cycs,Set,Set,Rbm39,Psme1,Rpl30,Eif2s2,Hint1,Rpl18a,Atp5o,Phgdh,H3f3b,Ddost,H3f3b,Nolc1,Nolc1,Phb2
126,Tsc22d3,Pglyrp2,Ccdc112,Ran,Ncl,Msrb1,Ddost,Nolc1,Ncl,Tmed2,Ran,Ermap,Nasp,Set,Pa2g4,Rpl22l1,Tmed2,Smc1a,Smc1a,Ncl,Ncl,Serbp1,Rpl14,Srm,Myo1c,Wbscr27,Alyref,Nasp,Rpl17,Pa2g4,Gatad1,Eif1,Nasp,Rpl14,Ncl,Eif2s2,Glrx5,Ddost,Rpl22l1,Phb2,Tmed2,Phb2,Uqcrq,Uqcrq,Rps4x
127,Socs2,Selp,Hist1h2bc,Rps12,Ran,Ncl,Tmed2,Pnp,Ran,Erp29,Rps12,H2-DMa,Psip1,Pa2g4,Dnmt1,Phgdh,Erp29,Hint1,Hint1,Ran,Ran,Parp1,Psmb10,Cycs,Il18,Exoc6b,Rbm39,Psip1,Cd47,Dnmt1,Pa2g4,Atad2,Psip1,Srm,Ran,Ncl,Gatm,Tmed2,Rpl21,Rps4x,Erp29,Rps4x,Slc25a5,Slc25a5,Serf2
128,Nap1l3,Egr1,Gstm1,Prdx1,Rps12,Nefh,Erp29,Uqcrq,Rps12,Nolc1,Prdx1,Ctsg,Psmb8,Dnmt1,mt-Cytb,Rpl21,Nolc1,Eif2s2,Eif2s2,Rps12,Rps12,Psme1,Srm,Rpl17,Bicd1,Gm26735,Eif1,Rfc2,Rpl24,mt-Cytb,Dnmt1,Dek,Psmb8,Dynll1,Rps12,Ran,Hsp90aa1,Nolc1,Lamp1,Serf2,Nolc1,Serf2,Rexo2,Rexo2,Sec11c
129,Itm2a,Zfhx3,Irf1,Rbm3,Prdx1,Rps12,Nolc1,Slc25a5,Prdx1,Uqcrq,Rbm3,Car1,Rfc2,mt-Cytb,Rps2,Atp5o,Uqcrq,Ncl,Ncl,Prdx1,Prdx1,mt-Nd1,Cycs,Cd47,Cd74,Atp2b4,Dek,Rpl30,Pfn1,Rps2,mt-Cytb,Rpl10a,Rfc2,Cycs,Prdx1,Rps12,Pdia3,Uqcrq,Atp5o,Sec11c,Uqcrq,Sec11c,H3f3b,Phb2,Tk1
130,Fam101b,Fnbp1l,Impact,Rpl18a,Rbm3,Ran,Uqcrq,Rexo2,Rbm3,Slc25a5,Rpl18a,1700020L24Rik,Rpl30,Rps2,Fam96a,Ddost,Slc25a5,Ran,Ran,Rbm3,Rbm3,Arpc1a,Rpl17,Rpl24,Ltc4s,Ttc39b,Rpl10a,Rpl14,Srsf7,Fam96a,Rps2,Eef2,Rpl30,Rpl17,Rbm3,Prdx1,Erdr1,Slc25a5,Ddost,Emp3,Slc25a5,Emp3,Alad,Rps4x,Emp3
131,Cd74,Dstn,Emcn,Glrx5,Rpl18a,Prdx1,Pnp,Sh3glb1,Rpl18a,Rexo2,Glrx5,Lmo4,Calm2,Fam96a,Slbp,Tmed2,Rexo2,Rps12,Rps12,Rpl18a,Rpl18a,Nasp,Cd47,Pfn1,Wfdc17,Esam,Gnai2,Psmb10,Cox5b,Slbp,Fam96a,Serbp1,Rpl14,Cd47,Rpl18a,Rbm3,Ubb,Rexo2,Tmed2,Cbx3,Rexo2,Cst3,Rps4x,Serf2,Cbx3
132,Nrxn1,Prmt2,Plekhm2,Tmsb4x,Glrx5,Rbm3,Slc25a5,H3f3b,Glrx5,H3f3b,Gatm,Cd52,Rpl14,Slbp,Rps8,Erp29,H3f3b,Prdx1,Prdx1,Glrx5,Glrx5,Psip1,Rpl24,Srsf7,Dok2,Cd72,Eef2,Srm,Eef1a1,Rps8,Slbp,Psme1,Srm,Rpl24,Glrx5,Rpl18a,Phgdh,Phb2,Nolc1,Ptma,H3f3b,Cbx3,Phb2,Sec11c,Ptma
133,Pglyrp2,Tie1,Hlf,Hsp90aa1,Tmsb4x,Rpl18a,Rexo2,Ly6e,Gatm,Alad,Hsp90aa1,Slco3a1,Srm,Rps8,Hnrnpd,Nolc1,Alad,Rbm3,Rbm3,Gatm,Gatm,Rfc2,Pfn1,Cox5b,Ccl3,Mxd4,Ifitm2,Cycs,H2afj,Hnrnpd,Rps8,mt-Nd1,Dynll1,Pfn1,Hsp90aa1,Glrx5,Rpl22l1,Rps4x,Uqcrq,H2-K1,Alad,Ptma,Serf2,Atrx,H2-K1
134,Selp,Hdgfrp3,Dennd5b,Pdia3,Hsp90aa1,Samsn1,Phb2,Rps4x,Hsp90aa1,Rps4x,Pdia3,Rec114,Dynll1,Hnrnpd,Rpl9,Uqcrq,Rps4x,Rpl18a,Rpl18a,Hsp90aa1,Hsp90aa1,Rpl30,Srsf7,Eef1a1,Gm11697,Gsta4,Serbp1,Rpl17,B2m,Rpl9,Hnrnpd,Nasp,Cycs,Srsf7,Pdia3,Hsp90aa1,Rpl21,Serf2,Slc25a5,Hspa8,Rps4x,H2-K1,Sec11c,Emp3,Hspa8
135,Chst13,Ahdc1,Klf2,Erdr1,Pdia3,Hsp90aa1,Alad,Phb2,Erdr1,Phb2,Erdr1,Slc38a5,Cycs,Rpl9,Clspn,Pnp,Phb2,Glrx5,Glrx5,Gmfg,Pdia3,Rpl14,Cox5b,H2afj,Hdgfrp3,Ptprcap,Parp1,Cd47,Gpx4,Alyref,Rpl9,Psip1,Rpl17,Etfb,Erdr1,Pdia3,Baz1a,Sec11c,Tspo,Zfp706,Phb2,Hspa8,Emp3,Cbx3,Zfp706
136,Egr1,Zfp36,Thap1,Ubb,Erdr1,Erdr1,H3f3b,Serf2,Pdia3,Serf2,Ubb,Mta3,Rpl17,Alyref,Alyref,Slc25a5,Serf2,Tmsb4x,Tmsb4x,Pdia3,Erdr1,Psmb10,Eef1a1,B2m,Ahdc1,H2-Q6,Psme1,Rpl24,Cox8a,Xist,Clspn,Rfc2,Cd47,Tyms,Ubb,Erdr1,Lamp1,Atrx,Rexo2,Set,Serf2,Zfp706,Cst3,Rps25,Set
137,Zfhx3,Lysmd2,Tcf7l2,Phgdh,Ubb,Pdia3,Serf2,Sec11c,Ubb,Sec11c,Phgdh,Ugcg,Cd47,Xist,Xist,S100a10,Sec11c,Hsp90aa1,Hsp90aa1,Erdr1,Ubb,Srm,H2afj,Gpx4,Mkl2,Rcn3,mt-Nd1,Pfn1,Hmgn1,Rbm39,Alyref,Rpl30,Rpl24,Eef1a1,Phgdh,Ubb,Atp5o,Emp3,Phb2,Pa2g4,Sec11c,Set,Cyba,Ptma,Pa2g4
138,Fnbp1l,Mkl2,Tcp11l2,Rpl22l1,Phgdh,Phgdh,Ly6e,Emp3,Phgdh,Emp3,Rpl22l1,Fut7,Rpl24,Rbm39,Rbm39,Rexo2,Mospd3,Pdia3,Pdia3,Ubb,Phgdh,Cycs,B2m,Cox8a,Hist1h2bc,Aldh1a1,Arpc1a,Srsf7,Lyar,Eif1,Xist,Rpl14,Pfn1,Cox5b,Rpl22l1,Phgdh,Ddost,Cbx3,Rps4x,Dnmt1,Emp3,Pa2g4,Gsr,Hspa8,Dnmt1
139,Dstn,Zfp467,Smim6,Rpl21,Rpl22l1,Rpl22l1,Sec11c,Cst3,Rpl22l1,Cbx3,Rpl21,Fgf3,Pfn1,Eif1,Eif1,Phb2,Emp3,Erdr1,Erdr1,Phgdh,Rpl22l1,Rpl17,Tmem238,Hmgn1,Hlf,Eva1b,Nasp,Cox5b,Ddx21,Dek,Rbm39,Srm,Srsf7,H2afj,Rpl21,Rpl22l1,Tmed2,Rps25,Serf2,Prdx5,Cst3,Dnmt1,Cbx3,Zfp706,Prdx5
140,Prmt2,Stxbp4,Pik3ip1,Atp5o,Rpl21,Rpl21,Mospd3,Cbx3,Rpl21,Cyba,Baz1a,Gna14,Srsf7,Dek,Atad2,Alad,Cbx3,Gmfg,Ubb,Rpl22l1,Rpl21,Cd47,Gpx4,Lyar,Mast4,Nkx2-3,Psip1,Eef1a1,C1qbp,Rpl10a,Eif1,Dynll1,Etfb,B2m,Atp5o,Rpl21,Erp29,Ptma,Sec11c,Rps2,Cyba,Prdx5,Ptma,Set,Rps2
141,Tie1,Amn1,Bcl3,Ddost,Atp5o,Lgals9,Rps4x,Ptma,Baz1a,Gsr,Atp5o,Ankrd12,Etfb,Rpl10a,Dek,H3f3b,Cyba,Ubb,Phgdh,Rpl21,Baz1a,Rpl24,Cox8a,Ddx21,Smim6,Nceh1,Rfc2,H2afj,Laptm4a,Eef2,Atad2,Cycs,Cox5b,Metap2,Ddost,Atp5o,Nolc1,Hspa8,Emp3,Slbp,Cbx3,Rps2,H2-K1,Pa2g4,Slbp
142,Hdgfrp3,Gns,B4galt6,Tmed2,Ddost,Lamp1,Emp3,H2-K1,Lamp1,Arhgdib,Ddost,Trib2,Cox5b,Eef2,Rpl10a,Serf2,Arhgdib,Phgdh,Rpl22l1,Baz1a,Atp5o,Pfn1,Hmgn1,C1qbp,Otos,H2-Q4,Rpl30,B2m,Bst2,Ifitm2,Dek,Rpl17,Eef1a1,Gpx4,Tmed2,Ubac1,Uqcrq,Zfp706,Cst3,Rps8,Arhgdib,Slbp,Hspa8,Dnmt1,Rps8
143,Ahdc1,Ctsf,Sertad3,Erp29,Tmed2,Atp5o,Cst3,Hspa8,Atp5o,Ptma,Tmed2,Optn,Eef1a1,Ifitm2,Eef2,Ly6e,Ptma,Rpl22l1,Rpl21,Atp5o,Ddost,Srsf7,Lyar,Laptm4a,Serpina3g,Gm16152,Rpl14,Gpx4,Eif5a,Serbp1,Rpl10a,Cd47,Arpc1b,Cox8a,Erp29,Ddost,Slc25a5,Set,Cbx3,Hnrnpd,Ptma,Rps8,Zfp706,mt-Cytb,Hnrnpd
144,Zfp36,Klf7,Anxa5,Nolc1,Erp29,Ddost,Cyba,Zfp706,Ddost,H2-K1,Erp29,Apoe,Arpc1b,Serbp1,Ifitm2,Sec11c,H2-K1,Rpl21,Atp5o,Ddost,Tmed2,Cox5b,Ddx21,Bst2,Pcdh7,0610009L18Rik,Psmb10,Cox8a,Naca,Psme1,Eef2,Rpl24,H2afj,Hmgn1,Nolc1,Tmed2,Tspo,Gatad1,Rps25,Rpl9,H2-K1,Hnrnpd,Set,Prdx5,Rpl9
145,Lysmd2,Ptms,Cers4,Uqcrq,Nolc1,Tmed2,Gsr,Set,Tmed2,Hspa8,Nolc1,Slc45a3,H2afj,Psme1,Serbp1,Mospd3,Hspa8,Atp5o,Ubac1,Tmed2,Erp29,Eef1a1,C1qbp,Eif5a,Bbc3,Itih5,Srm,Hmgn1,Dut,mt-Nd1,Ifitm2,Pfn1,B2m,Lyar,Uqcrq,Erp29,Rexo2,Pa2g4,Ptma,Clspn,Hspa8,Rpl9,Pa2g4,Rps2,Clspn
146,Mkl2,Fosb,Hoxa10,Pnp,Uqcrq,Nolc1,Cbx3,Pa2g4,Erp29,Zfp706,Uqcrq,Bex6,B2m,mt-Nd1,Psme1,Rps4x,Zfp706,Ddost,Ddost,Erp29,Nolc1,H2afj,Laptm4a,Naca,Endov,Rbp1,Cycs,Lyar,Gmnn,Nasp,Serbp1,Srsf7,Metap2,C1qbp,Slc25a5,Nolc1,H3f3b,Dnmt1,Hspa8,Alyref,Zfp706,Clspn,Dnmt1,Slbp,Alyref
147,Zfp467,Snap47,Tnip3,Slc25a5,Slc25a5,Uqcrq,Ptma,Dnmt1,Nolc1,Set,Slc25a5,Cd37,Metap2,Nasp,mt-Nd1,Emp3,Set,Tmed2,Tmed2,Nolc1,Uqcrq,B2m,Bst2,Dut,Spns2,Maged2,Rpl17,Ddx21,Nop10,Psip1,Psme1,Etfb,Gpx4,Eif5a,Tspo,Uqcrq,Alad,mt-Cytb,Zfp706,Eif1,Set,Alyref,Prdx5,Rps8,Eif1
148,Stxbp4,Ccdc112,Trp53i11,Tspo,Rexo2,Slc25a5,H2-K1,Prdx5,Uqcrq,Pa2g4,Rexo2,Pafah1b3,Gpx4,Psip1,Nasp,Cst3,Pa2g4,Erp29,Erp29,Uqcrq,Slc25a5,Gpx4,Eif5a,Gmnn,Sepp1,Cul9,Cd47,mt-Nd4,Ucp2,Psmb8,mt-Nd1,Tyms,Cox8a,Myl6,Rexo2,Slc25a5,Rps4x,Prdx5,Set,Atad2,Pa2g4,Eif1,Rps2,Hnrnpd,Atad2
149,Amn1,Hist1h2bc,Endov,Rexo2,Phb2,Tspo,Hspa8,Rps2,Pnp,Dnmt1,H3f3b,Fam117a,Cox8a,Psmb8,Psip1,Cyba,Dnmt1,Nolc1,Nolc1,Slc25a5,Rexo2,Cox8a,Naca,Nop10,Zc3h6,Tns1,Rpl24,C1qbp,Hdgf,Rfc2,Nasp,Eef1a1,Hmgn1,Naca,H3f3b,Rexo2,Phb2,Rps2,Pa2g4,Ssr2,Dnmt1,Atad2,Fam96a,Rpl9,Ssr2
150,Gns,Gstm1,Tmem71,Phb2,Alad,Rexo2,Zfp706,Slbp,Slc25a5,Prdx5,Alad,Dnah8,Hmgn1,Rfc2,Psmb8,Cbx3,Prdx5,Uqcrq,Uqcrq,Rexo2,H3f3b,Hmgn1,Dut,Ucp2,Muc13,1500009L16Rik,Pfn1,Laptm4a,Rpl27,Rpl30,Psip1,Cox5b,Lyar,Dut,Alad,H3f3b,Serf2,Slbp,Dnmt1,Rpl10a,Prdx5,Ssr2,Slbp,Clspn,Rpl10a
151,Ctsf,Irf1,St3gal6,Alad,H3f3b,Sh3glb1,Set,Rps8,Tspo,Rps2,Rps4x,Clec4d,Lyar,Rpl30,Rfc2,Arhgdib,Rps2,Pnp,Slc25a5,H3f3b,Alad,Lyar,Gmnn,Hdgf,Insig1,Jund,Srsf7,Bst2,Rps27,Rpl14,Psmb8,H2afj,C1qbp,Gmnn,Rps4x,Alad,Sec11c,Rps8,mt-Cytb,Gnai2,Rps2,Rpl10a,Rps8,Alyref,Gnai2
152,Klf7,Impact,Gm20467,H3f3b,Serf2,Phb2,Pa2g4,Hnrnpd,Rexo2,Fam96a,Phb2,,C1qbp,Calm2,Rpl30,Ptma,Fam96a,Slc25a5,Rexo2,Alad,Rps4x,Ddx21,Nop10,Sepw1,Slc18a2,Dntt,Cox5b,Eif5a,Prdx2,Srm,Rfc2,B2m,Eif5a,Nop10,Phb2,Rps4x,Emp3,Hnrnpd,Prdx5,Eef2,Fam96a,Gnai2,Hnrnpd,Rbm39,Eef2
153,Fosb,Emcn,Ccl4,Serf2,Rps4x,Ly6e,Dnmt1,Rpl9,Phb2,Slbp,Serf2,,Eif5a,Rpl14,Calm2,H2-K1,Slbp,Tspo,Phb2,Rps4x,Phb2,mt-Nd4,Ucp2,Rpl27,Gm5914,Neurl3,Eef1a1,Naca,Tmem14c,Dynll1,Rpl30,Gpx4,Myl6,Ucp2,Serf2,Phb2,Cst3,Rpl9,Rps2,Ifitm2,Slbp,Eef2,Rpl9,Eif1,Ifitm2
154,Snap47,Plekhm2,Sepp1,Rps4x,Sec11c,Serf2,Prdx5,Clspn,Alad,Rps8,Sec11c,,Myl6,Srm,Rpl14,Hspa8,Rps8,Rexo2,Alad,Phb2,Serf2,C1qbp,Hdgf,Rps27,Socs1,Gem,H2afj,Dut,Mcm7,Cycs,Rpl14,Cox8a,Naca,Hdgf,Sec11c,Serf2,Cyba,Clspn,Slbp,Serbp1,Rps8,Ifitm2,Alyref,Atad2,Serbp1
155,Ccdc112,Rgcc,Mdfi,Sec11c,Tk1,Rps4x,Rps2,Alyref,H3f3b,Hnrnpd,Atrx,,Naca,Dynll1,Srm,Zfp706,Hnrnpd,Phb2,H3f3b,Serf2,Sec11c,Laptm4a,Sepw1,Prdx2,Calcrl,Plxna4os1,B2m,Gmnn,H2afz,Rpl17,Srm,Hmgn1,Dut,Rpl27,Atrx,Sec11c,Gsr,Alyref,Rps8,Parp1,Hnrnpd,Serbp1,Eif1,Ssr2,Parp1
156,Hist1h2bc,Csgalnact1,Zc3h6,Atrx,Atrx,Sec11c,Fam96a,Eif1,Serf2,Rpl9,Emp3,,Dut,Cycs,Dynll1,Set,Rpl9,Alad,Serf2,Sec11c,Tk1,Bst2,Rpl27,Tmem14c,Tcf15,Camk2d,Gpx4,Nop10,Rpl6,Cd47,Dynll1,Lyar,Gmnn,Rps27,Emp3,Atrx,Cbx3,Rbm39,Hnrnpd,Psme1,Rpl9,Parp1,Ssr2,Vimp,Psme1
157,Gstm1,S100a6,Lpp,Emp3,Emp3,Emp3,Slbp,Atad2,Rps4x,Alyref,Cbx3,,Gmnn,Rpl17,Cycs,Pa2g4,Alyref,H3f3b,Rps4x,Atrx,Atrx,Eif5a,Rps27,Mcm7,Wbscr27,Fam134b,Cox8a,Ucp2,H2-D1,Rpl24,Cycs,C1qbp,Nop10,Prdx2,Cst3,Emp3,Rps25,Eif1,Rpl9,Nasp,Alyref,Psme1,Rpl10a,Dek,Nasp
158,Irf1,Slc2a3,Ptafr,Cst3,Cst3,Cst3,Rps8,Ssr2,Sec11c,Eif1,Cyba,,Nop10,Cd47,Rpl17,Dnmt1,Eif1,Serf2,Sec11c,Emp3,Emp3,Naca,Prdx2,H2afz,Exoc6b,Pcp4l1,Hmgn1,Hdgf,Nme1,Pfn1,Rpl17,mt-Nd4,Ucp2,Tmem14c,Cyba,Cst3,Ptma,Atad2,Clspn,Hsp90b1,Eif1,Arpc1a,Gnai2,Rpl10a,Hsp90b1
159,Impact,Prkcdbp,Adrb2,Cyba,Cyba,Cbx3,Hnrnpd,Rpl10a,Emp3,Ssr2,Gsr,,Ucp2,Rpl24,Cd47,Prdx5,Ssr2,Rps4x,Tk1,Cbx3,Cbx3,Dut,Tmem14c,Rpl6,Gm26735,Dst,Lyar,Rpl27,Hnrnpa1,Srsf7,Cd47,Eif5a,Hdgf,Mcm7,Cbx3,Cyba,H2-K1,Ssr2,Alyref,Psip1,Ssr2,Nasp,Eef2,Gnai2,Psip1
160,Emcn,Hlf,Rnf122,Cbx3,Cbx3,Rps25,Rpl9,Gnai2,Cst3,Rpl10a,Rps25,,Hdgf,Pfn1,Rpl24,Rps2,Rpl10a,Sec11c,Atrx,Cyba,Cyba,Gmnn,Mcm7,H2-D1,Sipa1l1,Fchsd2,Ddx21,Rps27,Hnrnpa2b1,Etfb,Rpl24,Myl6,Rpl27,H2afz,Rps25,Cbx3,Hspa8,Vimp,Rbm39,Rfc2,Rpl10a,Hsp90b1,Ifitm2,Eef2,Rfc2
161,Plekhm2,Rhof,Slfn2,Rps25,Rps25,Ptma,Alyref,Eef2,Cyba,Gnai2,Ptma,,Rpl27,Srsf7,Pfn1,Fam96a,Gnai2,Atrx,Emp3,Rps25,Rps25,Nop10,H2afz,Nme1,Psd3,Ppp1r9a,mt-Nd4,Mcm7,Ppia,Cox5b,Pfn1,Naca,Rps27,Rpl6,Ptma,Rps25,Zfp706,Dek,Eif1,Rpl30,Gnai2,Psip1,Serbp1,Serbp1,Rpl30
162,Csgalnact1,Dennd5b,Mgst1,Ptma,Ptma,Hspa8,Eif1,Ifitm2,Gsr,Eef2,H2-K1,,Hmbs,Etfb,Srsf7,Slbp,Eef2,Emp3,Cst3,Ptma,Ptma,Ucp2,Rpl6,Hnrnpa1,Gchfr,Tmem140,C1qbp,H2afz,,Eef1a1,Srsf7,Dut,Prdx2,H2-D1,H2-K1,Ptma,Set,Rpl10a,Atad2,Aldoa,Eef2,Rfc2,Parp1,Parp1,Aldoa
163,S100a6,Mast4,Insig1,H2-K1,H2-K1,Zfp706,Ssr2,Serbp1,Cbx3,Ifitm2,Hspa8,,Rps27,Cox5b,Etfb,Rps8,Ifitm2,Cst3,Cyba,H2-K1,H2-K1,Hdgf,H2-D1,Hnrnpa2b1,Lmo4,Hivep3,Laptm4a,Rpl6,,Arpc1b,Etfb,Gmnn,Tmem14c,Nme1,Hspa8,H2-K1,Pa2g4,Gnai2,Ssr2,Rpl14,Ifitm2,Rpl30,Ifi47,Psme1,Rpl14
164,Slc2a3,Klf2,Tbkbp1,Hspa8,Elf1,Set,Rpl10a,Parp1,Rps25,Serbp1,Zfp706,,Prdx2,Eef1a1,Tyms,Hnrnpd,Serbp1,Cyba,Cbx3,Hspa8,Hspa8,Sepw1,Nme1,Ppia,Cd72,1700040L02Rik,Eif5a,H2-D1,,H2afj,Tyms,Nop10,Mcm7,Hnrnpa1,Zfp706,Hspa8,Dnmt1,Eef2,Vimp,Srm,Serbp1,Aldoa,Psme1,mt-Nd1,Srm
165,Prkcdbp,Tcf7l2,Car2,Zfp706,Hspa8,Pa2g4,Gnai2,Psme1,Ptma,Parp1,Set,,Tmem14c,Arpc1b,Eef1a1,Rpl9,Parp1,Cbx3,Rps25,Zfp706,Zfp706,Rpl27,Hnrnpa1,,Kalrn,Maml2,Naca,Nme1,,B2m,Eef1a1,Ucp2,H2afz,Hnrnpa2b1,Set,Zfp706,mt-Cytb,Serbp1,Dek,Dynll1,Parp1,Rpl14,Arpc1a,Nasp,Dynll1
166,Stard10,Tcp11l2,Serpinf1,Set,Zfp706,Dnmt1,Eef2,Arpc1a,H2-K1,Psme1,Pa2g4,,Mcm7,H2afj,Arpc1b,Alyref,Psme1,Rps25,Ptma,Set,Set,Rps27,Hnrnpa2b1,,Ndrg1,Ctnnal1,Dut,Hnrnpa1,,Metap2,Arpc1b,Hdgf,Rpl6,Ppia,Pa2g4,Set,Prdx5,Parp1,Rpl10a,Cycs,Ifi47,Psmb10,Nasp,Hsp90b1,Cycs
167,Hlf,Smim6,Casp12,Pa2g4,Set,mt-Cytb,Ifitm2,Nasp,Hspa8,Nasp,Dnmt1,,H2afz,B2m,Cox5b,Eif1,Nasp,Ptma,H2-K1,Pa2g4,Pa2g4,Mcm7,Ppia,,Dapp1,Msmo1,Gmnn,Hnrnpa2b1,,Gpx4,Cox5b,Rpl27,H2-D1,Rrm2,Dnmt1,Pa2g4,Rps2,Psme1,Gnai2,Sdf2l1,Psme1,Srm,Hsp90b1,Psip1,Sdf2l1
168,Rhof,Pik3ip1,Hacd4,Dnmt1,Pa2g4,Prdx5,Serbp1,Hsp90b1,Zfp706,Hsp90b1,mt-Cytb,,Rpl6,Metap2,H2afj,Ssr2,Hsp90b1,H2-K1,Hspa8,Dnmt1,Dnmt1,H2afz,,,Smim5,Sesn3,Nop10,Ppia,,Cox8a,H2afj,Rps27,Nme1,,mt-Cytb,Dnmt1,Fam96a,mt-Nd1,Eef2,Rpl17,Nasp,Cycs,Psip1,Rfc2,Rpl17
169,Dennd5b,Prr13,Pnrc1,mt-Cytb,Dnmt1,Rps2,Parp1,Psip1,Set,Psip1,Prdx5,,H2-D1,Gpx4,B2m,Rpl10a,Psip1,Hspa8,Zfp706,mt-Cytb,mt-Cytb,Rpl6,,,Mxd4,Il1r1,Ucp2,,,Hmgn1,B2m,Mcm7,Hnrnpa1,,Prdx5,mt-Cytb,Slbp,Nasp,Serbp1,Cd47,Hsp90b1,Dynll1,Rfc2,Rpl30,Cd47
170,Mast4,Bcl3,Slc50a1,Prdx5,mt-Cytb,Slbp,Ifi47,Rfc2,Pa2g4,Psmb8,Rps2,,Nme1,Cox8a,Metap2,Gnai2,Psmb8,Zfp706,Set,Prdx5,Prdx5,H2-D1,,,Gsta4,Itsn1,Hdgf,,,Lyar,Metap2,H2afz,Hnrnpa2b1,,Rps2,Prdx5,Rps8,Hsp90b1,Parp1,Rpl24,Psip1,Sdf2l1,Rpl30,Aldoa,Rpl24
171,Klf2,B4galt6,Wbscr27,Rps2,Prdx5,Rps8,Psme1,Rpl30,Dnmt1,Rfc2,Fam96a,,Hnrnpa1,Hmgn1,Gpx4,Eef2,Rfc2,Set,Pa2g4,Rps2,Rps2,Nme1,,,Ptprcap,Padi4,Sepw1,,,C1qbp,Gpx4,Rpl6,Ppia,,Fam96a,Rps2,Hnrnpd,Psip1,Psme1,Pfn1,Psmb8,Rpl17,Aldoa,Rpl14,Pfn1
172,Tcf7l2,Sertad3,Syne2,Fam96a,Rps2,Ap3s1,Arpc1a,Aldoa,mt-Cytb,Rpl30,Slbp,,Hnrnpa2b1,Lyar,Cox8a,Ifitm2,Rpl30,Pa2g4,Dnmt1,Fam96a,Fam96a,Hnrnpa1,,,H2-Q6,Ppp2r3a,Rpl27,,,mt-Nd4,Cox8a,H2-D1,,,Slbp,Fam96a,Rpl9,Rfc2,mt-Nd1,Srsf7,Rfc2,Cd47,Rpl14,Srm,Srsf7
173,Tcp11l2,Anxa5,Ltb,Slbp,Fam96a,Hnrnpd,Nasp,Rpl14,Prdx5,Aldoa,Rps8,,Ppia,C1qbp,Hmgn1,Serbp1,Aldoa,Dnmt1,mt-Cytb,Slbp,Slbp,Hnrnpa2b1,,,Rcn3,Gabbr1,Rps27,,,Eif5a,Hmgn1,Nme1,,,Rps8,Slbp,Alyref,Rpl30,Arpc1a,Etfb,Rpl30,Rpl24,Psmb10,Dynll1,Etfb
174,Smim6,Cers4,Rufy2,Rps8,Slbp,Rpl9,Hsp90b1,Psmb10,Rps2,Rpl14,Hnrnpd,,,mt-Nd4,Lyar,Parp1,Rpl14,mt-Cytb,Prdx5,Rps8,Rps8,Ppia,,,Eva1b,Paqr5,Prdx2,,,Myl6,Lyar,Vamp8,,,Hnrnpd,Rps8,Rbm39,Aldoa,Nasp,Tyms,Aldoa,Pfn1,Srm,Cycs,Tyms
175,Pik3ip1,Hoxa10,Exoc6b,Hnrnpd,Rps8,Clspn,Psip1,Srm,Fam96a,Srm,Rpl9,,,Eif5a,C1qbp,Ifi47,Srm,Prdx5,Rps2,Hnrnpd,Hnrnpd,,,,Pafah1b3,Hoxa9,Tmem14c,,,Naca,C1qbp,Hnrnpa1,,,Rpl9,Hnrnpd,Eif1,Rpl14,Hsp90b1,Eef1a1,Calm2,Srsf7,Cycs,Sdf2l1,Eef1a1
176,Prr13,Tnip3,Trim47,Rpl9,Hnrnpd,Alyref,Rfc2,Cycs,Slbp,Dynll1,Alyref,,,Myl6,mt-Nd4,S100a11,Dynll1,Rps2,Fam96a,Rpl9,Rpl9,,,,Itga2b,F11r,Mcm7,,,Dut,mt-Nd4,Hnrnpa2b1,,,Alyref,Rpl9,Ssr2,Srm,Prdx4,Cox5b,Rpl14,Etfb,Dynll1,Rpl17,Cox5b
177,Bcl3,Trp53i11,Bex1,Alyref,Rpl9,Rbm39,Rpl30,Dynll1,Rps8,Cycs,Xist,,,Naca,Eif5a,Psme1,Cycs,Fam96a,Slbp,Alyref,Clspn,,,,Zyx,Eid2,H2afz,,,Gmnn,Eif5a,Ppia,,,Xist,Clspn,Dek,Dynll1,Psip1,H2afj,Psmb10,Tyms,Sdf2l1,Cd47,H2afj
178,B4galt6,Endov,Cebpe,Xist,Clspn,Eif1,Aldoa,Sdf2l1,Hnrnpd,Sdf2l1,Rbm39,,,Dut,Myl6,Nasp,Sdf2l1,Slbp,Rps8,Xist,Alyref,,,,Emilin2,Ssbp2,Rpl6,,,Nop10,Myl6,,,,Rbm39,Alyref,Rpl10a,Cycs,Rfc2,B2m,Srm,Eef1a1,Rpl17,Rpl24,B2m
179,Sertad3,Tmem71,Plxdc2,Rbm39,Alyref,Atad2,Rpl14,Rpl17,Rpl9,Rpl17,Eif1,,,Gmnn,Naca,Hsp90b1,Rpl17,Rps8,Hnrnpd,Rbm39,Xist,,,,Nkx2-3,Nfe2,H2-D1,,,Ucp2,Naca,,,,Eif1,Xist,Gnai2,Sdf2l1,Rpl30,Metap2,Cycs,Cox5b,Cd47,Pfn1,Metap2
180,Anxa5,St3gal6,Ctsh,Eif1,Xist,Vimp,Srm,Cd47,Alyref,Cd47,Ssr2,,,Nop10,Dut,Psip1,Cd47,Hnrnpd,Rpl9,Eif1,Rbm39,,,,Nceh1,Nrxn1,Nme1,,,Hdgf,Dut,,,,Ssr2,Rbm39,Eef2,Rpl17,Aldoa,Gpx4,Dynll1,H2afj,Rpl24,Srsf7,Gpx4
181,Cers4,Gm20467,Aplp2,Ssr2,Rbm39,Ssr2,Dynll1,Rpl24,Rbm39,Rpl24,Dek,,,Ucp2,Gmnn,Psmb8,Rpl24,Rpl9,Clspn,Ssr2,Eif1,,,,Pdgfrb,Cdkn1b,Hnrnpa1,,,Rpl27,Gmnn,,,,Dek,Eif1,Cenpv,Cd47,Rpl14,Cox8a,Sdf2l1,B2m,Pfn1,Etfb,Cox8a
182,Hoxa10,Ccl4,Marcks,Dek,Eif1,Dek,Psmb10,Pfn1,Eif1,Pfn1,Rpl10a,,,Hdgf,Nop10,Rfc2,Pfn1,Alyref,Alyref,Dek,Atad2,,,,H2-Q4,Samsn1,Hnrnpa2b1,,,Rps27,Nop10,,,,Rpl10a,Atad2,Serbp1,Rpl24,Psmb10,Hmgn1,Rpl17,Metap2,Srsf7,Tyms,Hmgn1
183,Tnip3,Sepp1,H2-Aa,Rpl10a,Atad2,Rpl10a,Cycs,Srsf7,Ssr2,Srsf7,Gnai2,,,Rpl27,Hdgf,Rpl30,Srsf7,Xist,Xist,Rpl10a,Ssr2,,,,Tbxa2r,Lysmd2,Ppia,,,Prdx2,Hdgf,,,,Gnai2,Ssr2,Parp1,Pfn1,Srm,Lyar,Cd47,Gpx4,Etfb,Eef1a1,Lyar
184,Trp53i11,Mdfi,Crim1,Gnai2,Ssr2,Gnai2,Sdf2l1,Etfb,Dek,Etfb,Eef2,,,Hmbs,Rpl27,Aldoa,Etfb,Rbm39,Rbm39,Gnai2,Dek,,,,Gm16152,Stxbp4,,,,Tmem14c,Rpl27,,,,Eef2,Dek,Ifitm2,Srsf7,Cycs,Ddx21,Rpl24,Cox8a,Cox5b,Cox5b,Ddx21
185,Endov,Zc3h6,Fcgrt,Eef2,Dek,Eef2,Rpl17,Tyms,Rpl10a,Cox5b,Ifitm2,,,Rps27,Hmbs,Calm2,Cox5b,Eif1,Eif1,Eef2,Rpl10a,,,,H2-Ob,Camk1d,,,,Mcm7,Rps27,,,,Cenpv,Rpl10a,Ifi47,Etfb,Dynll1,C1qbp,Pfn1,Hmgn1,Eef1a1,H2afj,C1qbp
186,Tmem71,Lpp,Hoxa5,Ifitm2,Rpl10a,Serbp1,Cd47,Eef1a1,Gnai2,Eef1a1,Serbp1,,,Prdx2,Rps27,Rpl14,Eef1a1,Ssr2,Atad2,Ifitm2,Gnai2,,,,0610009L18Rik,Ptms,,,,H2afz,Prdx2,,,,Serbp1,Gnai2,Psme1,Tyms,Sdf2l1,Krtcap2,Srsf7,Lyar,H2afj,B2m,Krtcap2
187,St3gal6,Ptafr,Dkkl1,Serbp1,Gnai2,Parp1,Rpl24,Cox5b,Cenpv,Arpc1b,Parp1,,,Tmem14c,Prdx2,Srm,Arpc1b,Dek,Ssr2,Serbp1,Eef2,,,,Itih5,Fosb,,,,Rpl6,Tmem14c,,,,Parp1,Eef2,mt-Nd1,Eef1a1,Rpl17,Canx,Etfb,Ddx21,B2m,Gpx4,Laptm4a
188,Gm20467,Adrb2,Gstt1,Parp1,Eef2,Psme1,Etfb,H2afj,Eef2,Pkm,Psme1,,,Mcm7,Tmem14c,Dynll1,Pkm,Rpl10a,Dek,Parp1,Ifitm2,,,,Rbp1,Snap47,,,,H2-D1,Mcm7,,,,Ifitm2,Cenpv,Arpc1a,Cox5b,Cd47,Serp1,Cox5b,C1qbp,Tmem238,Cox8a,Canx
189,Ccl4,Rnf122,Pnck,Psme1,Ifitm2,mt-Nd1,Pfn1,B2m,Serbp1,H2afj,mt-Nd1,,,H2afz,Mcm7,Klk8,H2afj,Gnai2,Rpl10a,Psme1,Serbp1,,,,Maged2,Ccdc112,,,,Nme1,H2afz,,,,Ifi47,Serbp1,Nasp,H2afj,Rpl24,Eif5a,Eef1a1,Krtcap2,Metap2,Hmgn1,Eif5a
190,Sepp1,Slfn2,Uvssa,mt-Nd1,Serbp1,Arpc1a,Srsf7,Metap2,Ifitm2,B2m,Nasp,,,Rpl6,H2afz,Psmb10,B2m,Cenpv,Gnai2,mt-Nd1,Parp1,,,,Cul9,Ier5,,,,Hnrnpa1,Rpl6,,,,Psme1,Parp1,Hsp90b1,B2m,Pfn1,Spcs2,Arpc1b,Canx,Gpx4,Lyar,Spcs2
191,Mdfi,Mgst1,Procr,Nasp,Parp1,Nasp,Cox5b,Gpx4,Nucks1,Tmem238,Hsp90b1,,,H2-D1,Rpl6,Cycs,Tmem238,Eef2,Cenpv,Tmsb10,Psme1,,,,Tns1,Emcn,,,,Hnrnpa2b1,H2-D1,,,,mt-Nd1,Ifitm2,Psip1,Gpx4,Srsf7,Myl6,Pkm,Serp1,Cox8a,Tax1bp1,Myl6
192,Zc3h6,Insig1,Oas1c,Hsp90b1,Psme1,Hsp90b1,Eef1a1,Cox8a,Ifi47,Metap2,Psip1,,,Nme1,H2-D1,Rpl17,Metap2,Serbp1,Eef2,Nasp,mt-Nd1,,,,Abcg1,Dennd5b,,,,Ppia,Nme1,,,,Nasp,Ifi47,Rfc2,Cox8a,Etfb,Naca,H2afj,Eif5a,Hmgn1,mt-Nd4,Naca
193,Lpp,Tbkbp1,Plscr4,Psip1,mt-Nd1,Prdx4,Tmem238,Hmgn1,Parp1,Gpx4,Psmb8,,,Hnrnpa1,Nme1,Sdf2l1,Gpx4,Ifitm2,Serbp1,Hsp90b1,Nasp,,,,1500009L16Rik,Tcf7l2,,,,,Vamp8,,,,Hsp90b1,Psme1,Rpl30,Hmgn1,Tyms,Dut,B2m,Spcs2,Lyar,Krtcap2,Dut
194,Ptafr,Car2,Ebi3,Psmb8,Nasp,Psip1,B2m,Lyar,Psme1,Cox8a,Rfc2,,,Hnrnpa2b1,Vamp8,Cd47,Cox8a,Parp1,Ifitm2,Psip1,Hsp90b1,,,,Dntt,Sertad3,,,,,Hnrnpa1,,,,Psip1,mt-Nd1,Aldoa,Lyar,Eef1a1,Gmnn,Tmem238,Myl6,Ddx21,Ddx21,Gmnn
195,Adrb2,Serpinf1,Ttc39b,Rfc2,Hsp90b1,Rfc2,H2afj,Ddx21,mt-Nd1,Hmgn1,Rpl30,,,Ppia,Hnrnpa1,Cox5b,Hmgn1,Ifi47,Parp1,Psmb8,Psip1,,,,Cuedc1,Cers4,,,,,Hnrnpa2b1,,,,Psmb8,Nasp,Rpl14,Tax1bp1,Cox5b,Nop10,Metap2,Naca,C1qbp,Laptm4a,Nop10
196,Rnf122,Smarca2,Arhgef5,Rpl30,Psip1,Rpl30,Metap2,C1qbp,Arpc1a,Lyar,Aldoa,,,,Hnrnpa2b1,Etfb,Lyar,Psme1,Ifi47,Rfc2,Psmb8,,,,Neurl3,Gm5111,,,,,Ppia,,,,Rfc2,Hsp90b1,Psmb10,mt-Nd4,H2afj,Sec61g,Gpx4,Dut,Krtcap2,Canx,Sec61g
197,Slfn2,Casp12,Ryk,Calm2,Psmb8,Aldoa,Gpx4,Krtcap2,Nasp,Ddx21,Rpl14,,,,Ppia,Rpl24,Ddx21,mt-Nd1,Psme1,Rpl30,Rfc2,,,,Gem,Ccl4,,,,,Rrm2,,,,Rpl30,Psip1,Srm,Krtcap2,B2m,Ucp2,Cox8a,Gmnn,Canx,C1qbp,Ucp2
198,Mgst1,Hacd4,Cd274,Rpl14,Rfc2,Rpl14,Cox8a,Laptm4a,Hsp90b1,C1qbp,Srm,,,,Rrm2,Pfn1,C1qbp,Tmsb10,mt-Nd1,Aldoa,Rpl30,,,,Plxna4os1,Lpp,,,,,,,,,Aldoa,Psmb8,Cycs,Ddx21,Gpx4,Hdgf,Hmgn1,Nop10,Serp1,Eif5a,Hdgf
199,Rassf4,Pnrc1,Myct1,Srm,Rpl30,Srm,Ppia,Canx,Psip1,Krtcap2,Dynll1,,,,,Srsf7,Krtcap2,Nasp,Nasp,Rpl14,Aldoa,,,,Camk2d,Ptafr,,,,,,,,,Calm2,Rfc2,Dynll1,C1qbp,Cox8a,Rpl27,Lyar,Sec61g,Eif5a,Spcs2,Rpl27
200,Insig1,Slc50a1,Gm15261,Dynll1,Calm2,Dynll1,Hmgn1,Serp1,Rfc2,Canx,Cycs,,,,,Eef1a1,Laptm4a,Hsp90b1,Hsp90b1,Srm,Rpl14,,,,Fam134b,Rnf122,,,,,,,,,Rpl14,Rpl30,Sdf2l1,Canx,Hmgn1,Rps27,Ddx21,Ucp2,Spcs2,Myl6,Rps27
201,Tbkbp1,Pdzk1ip1,Ly6a,Klk8,Rpl14,Psmb10,Lyar,Bst2,Rpl30,Serp1,Sdf2l1,,,,,Arpc1b,Canx,Psip1,Psip1,Dynll1,Srm,,,,Pcp4l1,Tnfsf10,,,,,,,,,Psmb10,Aldoa,Rpl17,Eif5a,Lyar,Lamtor4,C1qbp,Hdgf,Myl6,Naca,Lamtor4
202,Car2,Tcf15,Ccrl2,Psmb10,Srm,Cycs,Ddx21,Eif5a,Aldoa,Srgn,Rpl17,,,,,Pkm,Rac2,Psmb8,Psmb8,Cycs,Dynll1,,,,Nol4l,Car2,,,,,,,,,Srm,Calm2,Cd47,Spcs2,Tax1bp1,Prdx2,Krtcap2,Sepw1,Naca,Dut,Prdx2
203,Serpinf1,Wbscr27,Rgs1,Cycs,Dynll1,Sdf2l1,C1qbp,Spcs2,Rpl14,Eif5a,Cd47,,,,,Tmem238,Srgn,Rfc2,Rfc2,Sdf2l1,Cycs,,,,Dst,Msi2,,,,,,,,,Cycs,Rpl14,Rpl24,Myl6,mt-Nd4,Tmem14c,Canx,Rpl27,Dut,Gmnn,Tmem14c
204,Smarca2,Syne2,Gm1673,Rpl17,Klk8,Rpl17,Krtcap2,Myl6,Srm,Spcs2,Rpl24,,,,,B2m,Eif5a,Rpl30,Rpl30,Rpl17,Sdf2l1,,,,Clec4e,Casp12,,,,,,,,,Dynll1,Psmb10,Pfn1,Naca,Krtcap2,Mcm7,Srgn,Rps27,Gmnn,Nop10,Mcm7
205,Casp12,Ltb,Rras,Sdf2l1,Psmb10,Cd47,Laptm4a,Naca,Dynll1,Myl6,Pfn1,,,,,H2afj,Spcs2,Aldoa,Aldoa,Cd47,Rpl17,,,,Fchsd2,Mylip,,,,,,,,,Sdf2l1,Srm,Srsf7,Dut,Ddx21,H2afz,Eif5a,Lamtor4,Nop10,Sec61g,H2afz
206,Hacd4,Rufy2,Hoxb2,Cd47,Cycs,Tyms,Canx,Dut,Psmb10,Naca,Srsf7,,,,,Metap2,Myl6,Calm2,Calm2,Rpl24,Cd47,,,,Pitpnc1,Zbtb20,,,,,,,,,Rpl17,Cycs,Etfb,Gmnn,C1qbp,Rpl6,Spcs2,Prdx2,Sec61g,Ucp2,Rpl6
207,Pnrc1,Exoc6b,Gfod2,Cox5b,Rpl17,Etfb,Serp1,Gmnn,Cycs,Dut,Etfb,,,,,Gpx4,Naca,Rpl14,Rpl14,Pfn1,Rpl24,,,,Ppp1r9a,Pnrc1,,,,,,,,,Cd47,Dynll1,Cox5b,Nop10,Canx,H2-D1,Myl6,Tmem14c,Ucp2,Hdgf,H2-D1
208,Slc50a1,Trim47,Pard3b,Etfb,Sdf2l1,Rpl24,Bst2,Nop10,Sdf2l1,Gmnn,Cox5b,,,,,Cox8a,Dut,Srm,Srm,Srsf7,Pfn1,,,,Tmem140,Syne2,,,,,,,,,Rpl24,Sdf2l1,Eef1a1,Sec61g,Eif5a,Kdelr2,Naca,Mcm7,Hdgf,Rpl27,Kdelr2
209,Pdzk1ip1,Adgrg1,Ly75,Rpl24,Cd47,Pfn1,Eif5a,Sec61g,Rpl17,Nop10,Eef1a1,,,,,Hmgn1,Gmnn,Dynll1,Dynll1,Etfb,Srsf7,,,,Hivep3,Rufy2,,,,,,,,,Pfn1,Rpl17,H2afj,Ucp2,Spcs2,Nme1,Dut,H2afz,Sepw1,Rps27,Nme1
210,Tcf15,Sgms1,Ppp1r15a,Pfn1,Cox5b,Srsf7,Spcs2,Ucp2,Cd47,Sec61g,Arpc1b,,,,,Lyar,Nop10,Klk8,Klk8,Cox5b,Etfb,,,,1700040L02Rik,Trim47,,,,,,,,,Srsf7,Cd47,B2m,Hdgf,Myl6,Gpi1,Gmnn,Rpl6,Rpl27,Mcm7,Gpi1
211,Wbscr27,Arhgef12,Pim2,Srsf7,Tyms,Eef1a1,Myl6,Hdgf,Rpl24,Ucp2,Pkm,,,,,Ddx21,Sec61g,Psmb10,Psmb10,Eef1a1,Tyms,,,,Maml2,Sgms1,,,,,,,,,Etfb,Rpl24,Metap2,Rpl27,Naca,Hnrnpa1,Nop10,H2-D1,Rps27,H2afz,Hnrnpa1
212,Syne2,Bex1,Cdkn1c,Eef1a1,Etfb,Cox5b,Naca,Sepw1,Etfb,Hdgf,H2afj,,,,,C1qbp,Ucp2,Cycs,Cycs,Arpc1b,Eef1a1,,,,Ctnnal1,Cd84,,,,,,,,,Cox5b,Pfn1,Gpx4,Rps27,Dut,Tmem258,Sp110,Kdelr2,Lamtor4,Rpl6,Tmem258
213,Ltb,Cebpe,H2-Q6,Arpc1b,Rpl24,H2afj,Dut,Rpl27,Pfn1,Rpl27,B2m,,,,,Krtcap2,Hdgf,Rpl17,Rpl17,Pkm,Arpc1b,,,,Gata2,Plxdc2,,,,,,,,,Eef1a1,Srsf7,Cox8a,Creg1,Gmnn,Hnrnpa2b1,Sec61g,Nme1,Prdx2,H2-D1,Hnrnpa2b1
214,Rufy2,Plxdc2,Mllt4,Pkm,Pfn1,B2m,Sec61g,Rps27,Srsf7,Rps27,Metap2,,,,,Canx,Rpl27,Sdf2l1,Sdf2l1,H2afj,Cox5b,,,,Msmo1,H2-Aa,,,,,,,,,Arpc1b,Etfb,Hmgn1,Mcm7,Nop10,Ppia,Ucp2,Gpi1,Tmem14c,Nme1,Ppia
215,Exoc6b,Ccnd1,Rgag4,H2afj,Srsf7,Gpx4,Nop10,Lamtor4,Cox5b,Lamtor4,Gpx4,,,,,Rac2,Rps27,Cd47,Cd47,B2m,H2afj,,,,Il1r1,Hoxa5,,,,,,,,,Pkm,Tyms,Lyar,H2afz,Sec61g,Rrm2,Hdgf,Hnrnpa1,Mcm7,Gpi1,Rrm2
216,Trim47,Ctsh,Smpdl3a,B2m,Eef1a1,Cox8a,Gmnn,Prdx2,Eef1a1,Prdx2,Cox8a,,,,,Tmem176b,Lamtor4,Cox5b,Cox5b,Metap2,B2m,,,,Adrbk2,Dkkl1,,,,,,,,,H2afj,Eef1a1,Tax1bp1,Rpl6,Ucp2,,Rpl27,Tmem258,H2afz,Hnrnpa1,
217,Adgrg1,Aplp2,Tgm2,Metap2,Arpc1b,Ppia,Ucp2,Tmem14c,H2afj,Tmem14c,Hmgn1,,,,,Srgn,Prdx2,Etfb,Tyms,Gpx4,Metap2,,,,Itsn1,Gstt1,,,,,,,,,B2m,Arpc1b,mt-Nd4,H2-D1,Hdgf,,Hmbs,Hnrnpa2b1,Rpl6,Hnrnpa2b1,
218,Sgms1,Marcks,Pld4,Gpx4,Pkm,Hmgn1,Hdgf,Mcm7,B2m,Mcm7,Lyar,,,,,Eif5a,Tmem14c,Rpl24,Etfb,Cox8a,Gpx4,,,,Padi4,Uvssa,,,,,,,,,Metap2,Cox5b,Krtcap2,Nme1,Sepw1,,Rps27,Ppia,H2-D1,Ppia,
219,Arhgef12,H2-Aa,Eva1b,Cox8a,B2m,Lyar,Sepw1,H2afz,Metap2,H2afz,Tax1bp1,,,,,Spcs2,Mcm7,Pfn1,Rpl24,Hmgn1,Cox8a,,,,Ppp2r3a,Procr,,,,,,,,,Gpx4,H2afj,Ddx21,Vamp8,Rpl27,,Prdx2,,Kdelr2,,
220,Bex1,Scarf1,Hoxb4,Hmgn1,H2afj,Ddx21,Rpl27,Rpl6,Gpx4,Rpl6,mt-Nd4,,,,,Myl6,H2afz,Srsf7,Pfn1,Lyar,Hmgn1,,,,Nrgn,Plscr4,,,,,,,,,Cox8a,B2m,C1qbp,Gpi1,Rps27,,Tmem14c,,Nme1,,
221,Cebpe,Crim1,Epb41l4b,Lyar,Metap2,mt-Nd4,Rps27,H2-D1,Cox8a,H2-D1,Krtcap2,,,,,Naca,Rpl6,Eef1a1,Srsf7,Tax1bp1,Lyar,,,,Foxo3,Arhgef5,,,,,,,,,Hmgn1,Metap2,Canx,Hnrnpa1,Creg1,,Mcm7,,Gpi1,,
222,Igf2bp2,Fcgrt,Erg,Ddx21,Gpx4,Tax1bp1,Lamtor4,Kdelr2,Ppia,Kdelr2,Ddx21,,,,,Dut,H2-D1,Arpc1b,Eef1a1,mt-Nd4,Tax1bp1,,,,Por,Jakmip1,,,,,,,,,Lyar,Gpx4,Serp1,Hnrnpa2b1,Mcm7,,H2afz,,Hnrnpa1,,
223,Plxdc2,Clu,Hebp1,mt-Nd4,Cox8a,C1qbp,Prdx2,Nme1,Hmgn1,Nme1,C1qbp,,,,,Sec61g,Kdelr2,Pkm,Arpc1b,Krtcap2,mt-Nd4,,,,Gabbr1,Rras,,,,,,,,,Tax1bp1,Cox8a,Eif5a,Ppia,H2afz,,Rpl6,,Tmem258,,
224,Ccnd1,Hoxa5,Armc3,Tax1bp1,Hmgn1,Krtcap2,Tmem14c,Gpi1,Lyar,Gpi1,Canx,,,,,Nop10,Nme1,H2afj,Pkm,Ddx21,Krtcap2,,,,Paqr5,Gfod2,,,,,,,,,mt-Nd4,Hmgn1,Spcs2,,Rpl6,,H2-D1,,Hnrnpa2b1,,
225,Ctsh,Gda,Gm43568,C1qbp,Lyar,Canx,Mcm7,Hnrnpa1,Ddx21,Hnrnpa1,Serp1,,,,,Sp110,Med21,B2m,B2m,Laptm4a,Ddx21,,,,Rab37,Lztfl1,,,,,,,,,Krtcap2,Lyar,Myl6,,H2-D1,,Kdelr2,,Ppia,,
226,Aplp2,Dkkl1,Ypel3,Krtcap2,Ddx21,Laptm4a,H2afz,Tmem258,mt-Nd4,Tmem258,Srgn,,,,,Gmnn,Gpi1,Metap2,H2afj,Canx,Laptm4a,,,,F11r,Ly75,,,,,,,,,Ddx21,Tax1bp1,Naca,,Nme1,,Nme1,,,,
227,Marcks,Gstt1,Upp1,Canx,mt-Nd4,Bst2,Rpl6,Hnrnpa2b1,Tax1bp1,Hnrnpa2b1,Eif5a,,,,,Ucp2,Hnrnpa1,Gpx4,Metap2,C1qbp,Canx,,,,Hoxa9,Uba7,,,,,,,,,C1qbp,mt-Nd4,Dut,,Vamp8,,Gpi1,,,,
228,Gchfr,Pnck,,Srgn,Tax1bp1,Mta3,Nme1,Ppia,C1qbp,Ppia,Spcs2,,,,,Hdgf,Tmem258,Cox8a,Gpx4,Srgn,C1qbp,,,,Eid2,Pim2,,,,,,,,,Canx,Krtcap2,Gmnn,,Tbrg1,,Hnrnpa1,,,,
229,H2-Aa,Vat1,,Eif5a,C1qbp,Eif5a,Kdelr2,,Krtcap2,,Myl6,,,,,Rpl27,Hnrnpa2b1,Hmgn1,Cox8a,Eif5a,Srgn,,,,Ssbp2,Mllt4,,,,,,,,,Srgn,Ddx21,Nop10,,Gpi1,,Tmem258,,,,
230,Scarf1,Uvssa,,Spcs2,Krtcap2,Spcs2,H2-D1,,Canx,,Naca,,,,,Hmbs,Ppia,Lyar,Hmgn1,Spcs2,Eif5a,,,,Nfe2,Csf1,,,,,,,,,Eif5a,C1qbp,Sec61g,,Hnrnpa1,,Hnrnpa2b1,,,,
231,Crim1,Procr,,Myl6,Canx,Myl6,Med21,,Serp1,,Dut,,,,,Rps27,,Ddx21,Lyar,Myl6,Spcs2,,,,Nrxn1,Sla2,,,,,,,,,Spcs2,Canx,Ucp2,,Hnrnpa2b1,,Ppia,,,,
232,Fcgrt,Lbp,,Naca,Srgn,Naca,Gpi1,,Laptm4a,,Gmnn,,,,,Prdx2,,mt-Nd4,Ddx21,Naca,Myl6,,,,Rbpms2,Rgag4,,,,,,,,,Myl6,Srgn,Hdgf,,Ppia,,,,,,
233,Clu,Oas1c,,Dut,Eif5a,Dut,Tmem258,,Eif5a,,Nop10,,,,,Tmem14c,,Tax1bp1,mt-Nd4,Dut,Naca,,,,Samsn1,Vldlr,,,,,,,,,Naca,Eif5a,Sepw1,,,,,,,,
234,Hoxa5,Prkg1,,Sec61g,Spcs2,Sec61g,Hnrnpa1,,Spcs2,,Sec61g,,,,,Mcm7,,C1qbp,Tax1bp1,Gmnn,Dut,,,,Lysmd2,Sytl4,,,,,,,,,Dut,Spcs2,Rpl27,,,,,,,,
235,Gda,Plscr4,,Nop10,Myl6,Nop10,Hnrnpa2b1,,Myl6,,Ucp2,,,,,H2afz,,Krtcap2,C1qbp,Nop10,Gmnn,,,,Stxbp4,Ypel3,,,,,,,,,Gmnn,Myl6,Rps27,,,,,,,,
236,Cela1,Ebi3,,Gmnn,Naca,Gmnn,Tmbim6,,Naca,,Hdgf,,,,,Rpl6,,Canx,Krtcap2,Sec61g,Nop10,,,,Camk1d,Grik5,,,,,,,,,Nop10,Naca,Lamtor4,,,,,,,,
237,Dkkl1,Esam,,Ucp2,Dut,Nt5c3,,,Dut,,Rpl27,,,,,Nme1,,Srgn,Canx,Ucp2,Sec61g,,,,Ptms,Pcmtd2,,,,,,,,,Sp110,Dut,Prdx2,,,,,,,,
238,Gstt1,Ttc39b,,Hdgf,Sec61g,Ucp2,,,Sec61g,,Rps27,,,,,Kdelr2,,Eif5a,Srgn,Hdgf,Hdgf,,,,Ccdc112,Gm16141,,,,,,,,,Sec61g,Gmnn,Creg1,,,,,,,,
239,Pnck,Arhgef5,,Rpl27,Nop10,Hdgf,,,Nop10,,Lamtor4,,,,,H2-D1,,Spcs2,Eif5a,Rpl27,Rpl27,,,,Ier5,Il2rg,,,,,,,,,Ucp2,Nop10,Tmem14c,,,,,,,,
240,Vat1,Calcoco1,,Hmbs,Gmnn,Sepw1,,,Gmnn,,Prdx2,,,,,Med21,,Myl6,Spcs2,Rps27,Rps27,,,,Emcn,Gimap6,,,,,,,,,Hdgf,Sp110,Mcm7,,,,,,,,
241,Uvssa,P3h3,,Rps27,Hdgf,Sdsl,,,Ucp2,,Creg1,,,,,Gpi1,,Naca,Myl6,Lamtor4,Lamtor4,,,,Dennd5b,Csad,,,,,,,,,Rpl27,Sec61g,H2afz,,,,,,,,
242,Ppic,Ryk,,Prdx2,Rpl27,Rpl27,,,Hdgf,,Tmem14c,,,,,Tmem258,,Dut,Naca,Prdx2,Prdx2,,,,Tcf7l2,2610035D17Rik,,,,,,,,,Hmbs,Hdgf,Rpl6,,,,,,,,
243,Ttc3,Cd274,,Tmem14c,Hmbs,Rps27,,,Sepw1,,Mcm7,,,,,Hnrnpa1,,Sec61g,Dut,Tmem14c,Tmem14c,,,,Sertad3,Gm19590,,,,,,,,,Rps27,Rpl27,H2-D1,,,,,,,,
244,Procr,Myct1,,Mcm7,Rps27,Creg1,,,Rpl27,,H2afz,,,,,Hnrnpa2b1,,Nop10,Sec61g,Mcm7,Pkm,,,,Arid1b,Myof,,,,,,,,,Prdx2,Hmbs,Kdelr2,,,,,,,,
245,Prkg1,Gm15261,,H2afz,Prdx2,Rap1b,,,Rps27,,Rpl6,,,,,Ppia,,Sp110,Nop10,H2afz,Mcm7,,,,Meis1,Slamf1,,,,,,,,,Tmem14c,Rps27,Nme1,,,,,,,,
246,Lbp,Mettl7a1,,Rpl6,Tmem14c,Mcm7,,,Lamtor4,,H2-D1,,,,,,,Gmnn,Sp110,Rpl6,H2afz,,,,Cers4,Gkap1,,,,,,,,,Mcm7,Prdx2,Gpi1,,,,,,,,
247,Ebi3,Ly6a,,Nme1,Mcm7,H2afz,,,Prdx2,,Kdelr2,,,,,,,Ucp2,Gmnn,H2-D1,Rpl6,,,,Gm5111,Klhl24,,,,,,,,,H2afz,Tmem14c,Hnrnpa1,,,,,,,,
248,Plscr4,Ccrl2,,Kdelr2,H2afz,Rpl6,,,Creg1,,Nme1,,,,,,,Hdgf,Hdgf,Kdelr2,H2-D1,,,,Ccl4,Fam84b,,,,,,,,,Rpl6,Pkm,Tmem258,,,,,,,,
249,Esam,Rgs1,,H2-D1,Rpl6,Nme1,,,Tmem14c,,Gpi1,,,,,,,Rpl27,Rpl27,Nme1,Kdelr2,,,,Lpp,Nfat5,,,,,,,,,H2-D1,Mcm7,Hnrnpa2b1,,,,,,,,
250,Ttc39b,Gm1673,,Gpi1,Nme1,H2-D1,,,Mcm7,,Hnrnpa1,,,,,,,Hmbs,Hmbs,Med21,Nme1,,,,Ptafr,Tspan13,,,,,,,,,Kdelr2,H2afz,Ppia,,,,,,,,
251,Oas1c,Rras,,Tmem258,Kdelr2,Vamp8,,,H2afz,,Tmem258,,,,,,,Rps27,Rps27,Gpi1,Med21,,,,Rnf122,Rec8,,,,,,,,,Nme1,Rpl6,,,,,,,,,
252,Arhgef5,Hoxb2,,Hnrnpa1,H2-D1,Tbrg1,,,Rpl6,,Hnrnpa2b1,,,,,,,Prdx2,Prdx2,Hnrnpa1,Gpi1,,,,Tnfsf10,Jun,,,,,,,,,Gpi1,H2-D1,,,,,,,,,
253,Zfand5,Gfod2,,Hnrnpa2b1,Vamp8,Gpi1,,,Nme1,,Ppia,,,,,,,Tmem14c,Tmem14c,Tmem258,Hnrnpa1,,,,Car2,Cdkn1a,,,,,,,,,Hnrnpa1,Kdelr2,,,,,,,,,
254,Calcoco1,Pard3b,,Ppia,Gpi1,Hnrnpa1,,,Kdelr2,,,,,,,,,Mcm7,Mcm7,Hnrnpa2b1,Tmem258,,,,Ms4a2,Ttc28,,,,,,,,,Tmem258,Nme1,,,,,,,,,
255,P3h3,Ly75,,,Tmem258,Hnrnpa2b1,,,H2-D1,,,,,,,,,H2afz,H2afz,Ppia,Hnrnpa2b1,,,,Msi2,Gm12216,,,,,,,,,Hnrnpa2b1,Vamp8,,,,,,,,,
256,Sugp2,Mycn,,,Hnrnpa1,Tmbim6,,,Med21,,,,,,,,,Rpl6,Rpl6,,Ppia,,,,Casp12,Kdm6b,,,,,,,,,Ppia,Gpi1,,,,,,,,,
257,Cd274,Ppp1r15a,,,Hnrnpa2b1,,,,Gpi1,,,,,,,,,Nme1,Nme1,,Rrm2,,,,Mylip,Mcpt8,,,,,,,,,,Hnrnpa1,,,,,,,,,
258,Myct1,Gsta4,,,Ppia,,,,Tmem258,,,,,,,,,Kdelr2,Kdelr2,,,,,,Zbtb20,Trpc6,,,,,,,,,,Tmem258,,,,,,,,,
259,Ryk,Uba7,,,Rrm2,,,,Hnrnpa1,,,,,,,,,H2-D1,H2-D1,,,,,,Pnrc1,Basp1,,,,,,,,,,Hnrnpa2b1,,,,,,,,,
260,Gm15261,Pim2,,,,,,,Hnrnpa2b1,,,,,,,,,Med21,Med21,,,,,,Hdac7,Clnk,,,,,,,,,,Ppia,,,,,,,,,
261,Mettl7a1,Cdkn1c,,,,,,,Tmbim6,,,,,,,,,Gpi1,Gpi1,,,,,,Lag3,Dennd1c,,,,,,,,,,Rrm2,,,,,,,,,
262,Ly6a,Agl,,,,,,,,,,,,,,,,Tmem258,Tmem258,,,,,,Rufy2,Maged1,,,,,,,,,,,,,,,,,,,
263,Prkcq,H2-Q6,,,,,,,,,,,,,,,,Hnrnpa1,Hnrnpa1,,,,,,Trim47,Fam73a,,,,,,,,,,,,,,,,,,,
264,Ccrl2,Ier3,,,,,,,,,,,,,,,,Hnrnpa2b1,Hnrnpa2b1,,,,,,Sgms1,A630072M18Rik,,,,,,,,,,,,,,,,,,,
265,Rgs1,Mllt4,,,,,,,,,,,,,,,,Ppia,Ppia,,,,,,Rnase6,Cd27,,,,,,,,,,,,,,,,,,,
266,Gm1673,Aldh1a1,,,,,,,,,,,,,,,,,Rrm2,,,,,,H1fx,Agpat4,,,,,,,,,,,,,,,,,,,
267,Rras,Smpdl3a,,,,,,,,,,,,,,,,,,,,,,,Cd84,Ipo11,,,,,,,,,,,,,,,,,,,
268,Hoxb2,Tgm2,,,,,,,,,,,,,,,,,,,,,,,Plxdc2,Tceal1,,,,,,,,,,,,,,,,,,,
269,Gfod2,Eva1b,,,,,,,,,,,,,,,,,,,,,,,Klk8,Adck3,,,,,,,,,,,,,,,,,,,
270,Pard3b,Hoxb4,,,,,,,,,,,,,,,,,,,,,,,H2-Aa,Furin,,,,,,,,,,,,,,,,,,,
271,Ly75,Epb41l4b,,,,,,,,,,,,,,,,,,,,,,,Hoxa5,Tsc22d3,,,,,,,,,,,,,,,,,,,
272,Mycn,Erg,,,,,,,,,,,,,,,,,,,,,,,Dkkl1,Nap1l3,,,,,,,,,,,,,,,,,,,
273,Ppp1r15a,Hebp1,,,,,,,,,,,,,,,,,,,,,,,Gstt1,Pglyrp2,,,,,,,,,,,,,,,,,,,
274,Gsta4,Gm16140,,,,,,,,,,,,,,,,,,,,,,,Uvssa,Selp,,,,,,,,,,,,,,,,,,,
275,Uba7,Armc3,,,,,,,,,,,,,,,,,,,,,,,Procr,Egr1,,,,,,,,,,,,,,,,,,,
276,Pim2,Gm43568,,,,,,,,,,,,,,,,,,,,,,,Jakmip1,Zfhx3,,,,,,,,,,,,,,,,,,,
277,Cdkn1c,Ypel3,,,,,,,,,,,,,,,,,,,,,,,Rras,Fnbp1l,,,,,,,,,,,,,,,,,,,
278,Agl,Upp1,,,,,,,,,,,,,,,,,,,,,,,Gfod2,Tie1,,,,,,,,,,,,,,,,,,,
279,H2-Q6,,,,,,,,,,,,,,,,,,,,,,,,Lztfl1,Lsp1,,,,,,,,,,,,,,,,,,,
280,Ier3,,,,,,,,,,,,,,,,,,,,,,,,Uba7,Amn1,,,,,,,,,,,,,,,,,,,
281,Mllt4,,,,,,,,,,,,,,,,,,,,,,,,Pim2,Gns,,,,,,,,,,,,,,,,,,,
282,Aldh1a1,,,,,,,,,,,,,,,,,,,,,,,,Mllt4,Klf7,,,,,,,,,,,,,,,,,,,
283,Smpdl3a,,,,,,,,,,,,,,,,,,,,,,,,Csf1,Csgalnact1,,,,,,,,,,,,,,,,,,,
284,Tgm2,,,,,,,,,,,,,,,,,,,,,,,,Sla2,Rhof,,,,,,,,,,,,,,,,,,,
285,Eva1b,,,,,,,,,,,,,,,,,,,,,,,,Rgag4,AW112010,,,,,,,,,,,,,,,,,,,
286,Hoxb4,,,,,,,,,,,,,,,,,,,,,,,,Vldlr,Thap1,,,,,,,,,,,,,,,,,,,
287,Epb41l4b,,,,,,,,,,,,,,,,,,,,,,,,Sytl4,St3gal6,,,,,,,,,,,,,,,,,,,
288,Erg,,,,,,,,,,,,,,,,,,,,,,,,Ypel3,Shisa8,,,,,,,,,,,,,,,,,,,
289,Hebp1,,,,,,,,,,,,,,,,,,,,,,,,Dach1,Tbkbp1,,,,,,,,,,,,,,,,,,,
290,Gm16140,,,,,,,,,,,,,,,,,,,,,,,,Grik5,Ggt5,,,,,,,,,,,,,,,,,,,
291,Armc3,,,,,,,,,,,,,,,,,,,,,,,,Rab38,Hmga2,,,,,,,,,,,,,,,,,,,
292,Gm43568,,,,,,,,,,,,,,,,,,,,,,,,Pcmtd2,Adgrg1,,,,,,,,,,,,,,,,,,,
293,Ypel3,,,,,,,,,,,,,,,,,,,,,,,,Gm16141,Marcks,,,,,,,,,,,,,,,,,,,
294,Upp1,,,,,,,,,,,,,,,,,,,,,,,,Il2rg,Scarf1,,,,,,,,,,,,,,,,,,,
295,,,,,,,,,,,,,,,,,,,,,,,,,Gimap6,Crim1,,,,,,,,,,,,,,,,,,,
296,,,,,,,,,,,,,,,,,,,,,,,,,Csad,Gpr171,,,,,,,,,,,,,,,,,,,
297,,,,,,,,,,,,,,,,,,,,,,,,,2610035D17Rik,Oas1c,,,,,,,,,,,,,,,,,,,
298,,,,,,,,,,,,,,,,,,,,,,,,,Gm19590,Rbpms,,,,,,,,,,,,,,,,,,,
299,,,,,,,,,,,,,,,,,,,,,,,,,Slamf1,Gm15261,,,,,,,,,,,,,,,,,,,
300,,,,,,,,,,,,,,,,,,,,,,,,,Prkca,Tox,,,,,,,,,,,,,,,,,,,
301,,,,,,,,,,,,,,,,,,,,,,,,,Gkap1,Ly6a,,,,,,,,,,,,,,,,,,,
302,,,,,,,,,,,,,,,,,,,,,,,,,Vezf1,Ccrl2,,,,,,,,,,,,,,,,,,,
303,,,,,,,,,,,,,,,,,,,,,,,,,Klhl24,Pla2g16,,,,,,,,,,,,,,,,,,,
304,,,,,,,,,,,,,,,,,,,,,,,,,Ikzf2,Hoxb2,,,,,,,,,,,,,,,,,,,
305,,,,,,,,,,,,,,,,,,,,,,,,,Fam84b,5930430L01Rik,,,,,,,,,,,,,,,,,,,
306,,,,,,,,,,,,,,,,,,,,,,,,,Nfat5,Clec11a,,,,,,,,,,,,,,,,,,,
307,,,,,,,,,,,,,,,,,,,,,,,,,S1pr1,Pan3,,,,,,,,,,,,,,,,,,,
308,,,,,,,,,,,,,,,,,,,,,,,,,Tspan13,Aff3,,,,,,,,,,,,,,,,,,,
309,,,,,,,,,,,,,,,,,,,,,,,,,Csrp3,Mycn,,,,,,,,,,,,,,,,,,,
310,,,,,,,,,,,,,,,,,,,,,,,,,Cdkn1a,Cdkn1c,,,,,,,,,,,,,,,,,,,
311,,,,,,,,,,,,,,,,,,,,,,,,,Ttc28,Agl,,,,,,,,,,,,,,,,,,,
312,,,,,,,,,,,,,,,,,,,,,,,,,Gm12216,Tgm2,,,,,,,,,,,,,,,,,,,
313,,,,,,,,,,,,,,,,,,,,,,,,,Kdm6b,Chd2,,,,,,,,,,,,,,,,,,,
314,,,,,,,,,,,,,,,,,,,,,,,,,Mcpt8,Epb41l4b,,,,,,,,,,,,,,,,,,,
315,,,,,,,,,,,,,,,,,,,,,,,,,Ptpre,Gm43568,,,,,,,,,,,,,,,,,,,
316,,,,,,,,,,,,,,,,,,,,,,,,,Basp1,Upp1,,,,,,,,,,,,,,,,,,,
317,,,,,,,,,,,,,,,,,,,,,,,,,Clnk,,,,,,,,,,,,,,,,,,,,
318,,,,,,,,,,,,,,,,,,,,,,,,,Icam4,,,,,,,,,,,,,,,,,,,,
319,,,,,,,,,,,,,,,,,,,,,,,,,Dennd1c,,,,,,,,,,,,,,,,,,,,
320,,,,,,,,,,,,,,,,,,,,,,,,,Maged1,,,,,,,,,,,,,,,,,,,,
321,,,,,,,,,,,,,,,,,,,,,,,,,Fam73a,,,,,,,,,,,,,,,,,,,,
322,,,,,,,,,,,,,,,,,,,,,,,,,A630072M18Rik,,,,,,,,,,,,,,,,,,,,
323,,,,,,,,,,,,,,,,,,,,,,,,,Cd27,,,,,,,,,,,,,,,,,,,,
324,,,,,,,,,,,,,,,,,,,,,,,,,Il1rl1,,,,,,,,,,,,,,,,,,,,
325,,,,,,,,,,,,,,,,,,,,,,,,,Agpat4,,,,,,,,,,,,,,,,,,,,
326,,,,,,,,,,,,,,,,,,,,,,,,,Ipo11,,,,,,,,,,,,,,,,,,,,
327,,,,,,,,,,,,,,,,,,,,,,,,,Plek,,,,,,,,,,,,,,,,,,,,
328,,,,,,,,,,,,,,,,,,,,,,,,,Cttn,,,,,,,,,,,,,,,,,,,,
329,,,,,,,,,,,,,,,,,,,,,,,,,Gm17590,,,,,,,,,,,,,,,,,,,,
330,,,,,,,,,,,,,,,,,,,,,,,,,Egfl7,,,,,,,,,,,,,,,,,,,,
331,,,,,,,,,,,,,,,,,,,,,,,,,Adck3,,,,,,,,,,,,,,,,,,,,
332,,,,,,,,,,,,,,,,,,,,,,,,,Zfp36l1,,,,,,,,,,,,,,,,,,,,
333,,,,,,,,,,,,,,,,,,,,,,,,,Furin,,,,,,,,,,,,,,,,,,,,
334,,,,,,,,,,,,,,,,,,,,,,,,,Tsc22d3,,,,,,,,,,,,,,,,,,,,
335,,,,,,,,,,,,,,,,,,,,,,,,,Nap1l3,,,,,,,,,,,,,,,,,,,,
336,,,,,,,,,,,,,,,,,,,,,,,,,Pglyrp2,,,,,,,,,,,,,,,,,,,,
337,,,,,,,,,,,,,,,,,,,,,,,,,Selp,,,,,,,,,,,,,,,,,,,,
338,,,,,,,,,,,,,,,,,,,,,,,,,Egr1,,,,,,,,,,,,,,,,,,,,
339,,,,,,,,,,,,,,,,,,,,,,,,,Gm15658,,,,,,,,,,,,,,,,,,,,
340,,,,,,,,,,,,,,,,,,,,,,,,,Tie1,,,,,,,,,,,,,,,,,,,,
341,,,,,,,,,,,,,,,,,,,,,,,,,Lsp1,,,,,,,,,,,,,,,,,,,,
342,,,,,,,,,,,,,,,,,,,,,,,,,Amn1,,,,,,,,,,,,,,,,,,,,
343,,,,,,,,,,,,,,,,,,,,,,,,,Gns,,,,,,,,,,,,,,,,,,,,
344,,,,,,,,,,,,,,,,,,,,,,,,,Klf7,,,,,,,,,,,,,,,,,,,,
345,,,,,,,,,,,,,,,,,,,,,,,,,Csgalnact1,,,,,,,,,,,,,,,,,,,,
346,,,,,,,,,,,,,,,,,,,,,,,,,Slc22a3,,,,,,,,,,,,,,,,,,,,
347,,,,,,,,,,,,,,,,,,,,,,,,,Il12a,,,,,,,,,,,,,,,,,,,,
348,,,,,,,,,,,,,,,,,,,,,,,,,Rhof,,,,,,,,,,,,,,,,,,,,
349,,,,,,,,,,,,,,,,,,,,,,,,,AW112010,,,,,,,,,,,,,,,,,,,,
350,,,,,,,,,,,,,,,,,,,,,,,,,Thap1,,,,,,,,,,,,,,,,,,,,
351,,,,,,,,,,,,,,,,,,,,,,,,,Emid1,,,,,,,,,,,,,,,,,,,,
352,,,,,,,,,,,,,,,,,,,,,,,,,P2rx4,,,,,,,,,,,,,,,,,,,,
353,,,,,,,,,,,,,,,,,,,,,,,,,St3gal6,,,,,,,,,,,,,,,,,,,,
354,,,,,,,,,,,,,,,,,,,,,,,,,Shisa8,,,,,,,,,,,,,,,,,,,,
355,,,,,,,,,,,,,,,,,,,,,,,,,Gnb4,,,,,,,,,,,,,,,,,,,,
356,,,,,,,,,,,,,,,,,,,,,,,,,Auts2,,,,,,,,,,,,,,,,,,,,
357,,,,,,,,,,,,,,,,,,,,,,,,,Fyb,,,,,,,,,,,,,,,,,,,,
358,,,,,,,,,,,,,,,,,,,,,,,,,Ggt5,,,,,,,,,,,,,,,,,,,,
359,,,,,,,,,,,,,,,,,,,,,,,,,Hmga2,,,,,,,,,,,,,,,,,,,,
360,,,,,,,,,,,,,,,,,,,,,,,,,Asph,,,,,,,,,,,,,,,,,,,,
361,,,,,,,,,,,,,,,,,,,,,,,,,Adgrg1,,,,,,,,,,,,,,,,,,,,
362,,,,,,,,,,,,,,,,,,,,,,,,,Rhoh,,,,,,,,,,,,,,,,,,,,
363,,,,,,,,,,,,,,,,,,,,,,,,,Marcks,,,,,,,,,,,,,,,,,,,,
364,,,,,,,,,,,,,,,,,,,,,,,,,Scarf1,,,,,,,,,,,,,,,,,,,,
365,,,,,,,,,,,,,,,,,,,,,,,,,Crim1,,,,,,,,,,,,,,,,,,,,
366,,,,,,,,,,,,,,,,,,,,,,,,,Gpr171,,,,,,,,,,,,,,,,,,,,
367,,,,,,,,,,,,,,,,,,,,,,,,,Oas1c,,,,,,,,,,,,,,,,,,,,
368,,,,,,,,,,,,,,,,,,,,,,,,,Rbpms,,,,,,,,,,,,,,,,,,,,
369,,,,,,,,,,,,,,,,,,,,,,,,,Gm15261,,,,,,,,,,,,,,,,,,,,
370,,,,,,,,,,,,,,,,,,,,,,,,,Tox,,,,,,,,,,,,,,,,,,,,
371,,,,,,,,,,,,,,,,,,,,,,,,,Fgf3,,,,,,,,,,,,,,,,,,,,
372,,,,,,,,,,,,,,,,,,,,,,,,,Ly6a,,,,,,,,,,,,,,,,,,,,
373,,,,,,,,,,,,,,,,,,,,,,,,,Ccrl2,,,,,,,,,,,,,,,,,,,,
374,,,,,,,,,,,,,,,,,,,,,,,,,Pla2g16,,,,,,,,,,,,,,,,,,,,
375,,,,,,,,,,,,,,,,,,,,,,,,,Gna14,,,,,,,,,,,,,,,,,,,,
376,,,,,,,,,,,,,,,,,,,,,,,,,Hoxb2,,,,,,,,,,,,,,,,,,,,
377,,,,,,,,,,,,,,,,,,,,,,,,,5930430L01Rik,,,,,,,,,,,,,,,,,,,,
378,,,,,,,,,,,,,,,,,,,,,,,,,Clec11a,,,,,,,,,,,,,,,,,,,,
379,,,,,,,,,,,,,,,,,,,,,,,,,Sdsl,,,,,,,,,,,,,,,,,,,,
380,,,,,,,,,,,,,,,,,,,,,,,,,Pan3,,,,,,,,,,,,,,,,,,,,
381,,,,,,,,,,,,,,,,,,,,,,,,,Apoe,,,,,,,,,,,,,,,,,,,,
382,,,,,,,,,,,,,,,,,,,,,,,,,Aff3,,,,,,,,,,,,,,,,,,,,
383,,,,,,,,,,,,,,,,,,,,,,,,,Tgm2,,,,,,,,,,,,,,,,,,,,
384,,,,,,,,,,,,,,,,,,,,,,,,,Tal1,,,,,,,,,,,,,,,,,,,,
385,,,,,,,,,,,,,,,,,,,,,,,,,Gm43568,,,,,,,,,,,,,,,,,,,,
386,,,,,,,,,,,,,,,,,,,,,,,,,Upp1,,,,,,,,,,,,,,,,,,,,
